,cname,avgscrread,avgscreng,avgscrmath,avgscrsci,numtsttakr
3,Santa Clara,23.0,22.0,22.0,23.0,53.0
4,Los Angeles,21.0,20.0,23.0,22.0,19.0
5,Los Angeles,15.0,15.0,17.0,16.0,33.0
6,Los Angeles,18.0,18.0,18.0,17.0,16.0
13,Los Angeles,29.0,29.0,25.0,25.0,36.0
16,Contra Costa,29.0,29.0,28.0,27.0,99.0
18,Santa Clara,14.0,14.0,15.0,15.0,34.0
19,San Bernardino,19.0,17.0,18.0,18.0,28.0
20,Ventura,23.0,23.0,23.0,22.0,91.0
21,Santa Clara,25.0,24.0,24.0,24.0,138.0
22,Los Angeles,27.0,26.0,25.0,24.0,140.0
23,Los Angeles,14.0,14.0,16.0,15.0,112.0
25,Alameda,28.0,27.0,27.0,26.0,93.0
27,Alameda,28.0,27.0,27.0,26.0,58.0
29,Los Angeles,23.0,23.0,21.0,21.0,139.0
30,Los Angeles,24.0,25.0,24.0,23.0,93.0
31,Contra Costa,25.0,23.0,25.0,23.0,40.0
32,Monterey,18.0,17.0,18.0,18.0,206.0
33,Orange,26.0,27.0,27.0,26.0,286.0
34,Los Angeles,17.0,16.0,17.0,18.0,77.0
35,Los Angeles,15.0,14.0,16.0,16.0,155.0
36,Los Angeles,18.0,20.0,19.0,18.0,70.0
37,Los Angeles,16.0,16.0,18.0,17.0,80.0
39,Los Angeles,16.0,16.0,17.0,17.0,162.0
40,Los Angeles,18.0,18.0,18.0,18.0,155.0
41,Los Angeles,19.0,18.0,19.0,19.0,157.0
42,Los Angeles,17.0,16.0,16.0,16.0,139.0
43,Los Angeles,15.0,13.0,16.0,16.0,86.0
44,Los Angeles,15.0,14.0,16.0,16.0,148.0
45,Los Angeles,16.0,14.0,17.0,16.0,164.0
46,Los Angeles,15.0,13.0,15.0,15.0,143.0
47,Los Angeles,16.0,14.0,16.0,16.0,147.0
49,Los Angeles,17.0,16.0,18.0,17.0,110.0
50,Los Angeles,15.0,14.0,16.0,16.0,89.0
53,San Bernardino,23.0,22.0,22.0,22.0,56.0
57,Amador,25.0,25.0,25.0,24.0,17.0
58,Alameda,29.0,29.0,28.0,28.0,280.0
61,Napa,23.0,23.0,24.0,24.0,41.0
62,Alameda,29.0,30.0,30.0,29.0,136.0
64,Orange,19.0,18.0,19.0,19.0,66.0
66,Sonoma,27.0,27.0,25.0,24.0,33.0
70,Los Angeles,26.0,27.0,26.0,25.0,21.0
71,Santa Clara,23.0,22.0,23.0,23.0,26.0
72,Solano,25.0,24.0,23.0,24.0,52.0
73,Los Angeles,16.0,17.0,17.0,18.0,35.0
74,Los Angeles,18.0,17.0,18.0,18.0,99.0
75,Los Angeles,17.0,15.0,18.0,17.0,58.0
76,Los Angeles,16.0,15.0,17.0,17.0,127.0
77,Los Angeles,15.0,15.0,17.0,16.0,120.0
80,Los Angeles,17.0,16.0,17.0,17.0,86.0
81,Los Angeles,19.0,18.0,18.0,17.0,21.0
82,Santa Clara,25.0,24.0,25.0,24.0,83.0
83,Placer,23.0,22.0,22.0,22.0,92.0
84,Los Angeles,21.0,18.0,17.0,19.0,18.0
86,Contra Costa,20.0,18.0,18.0,19.0,50.0
88,Los Angeles,15.0,13.0,15.0,15.0,30.0
89,San Bernardino,22.0,22.0,20.0,21.0,55.0
90,Los Angeles,20.0,18.0,16.0,18.0,26.0
91,Santa Cruz,26.0,25.0,24.0,24.0,65.0
92,San Mateo,28.0,28.0,28.0,26.0,93.0
93,Los Angeles,28.0,29.0,28.0,27.0,192.0
94,Humboldt,28.0,26.0,25.0,25.0,40.0
96,Amador,23.0,21.0,21.0,21.0,20.0
100,Riverside,18.0,18.0,19.0,18.0,123.0
101,Solano,23.0,24.0,23.0,23.0,26.0
102,Orange,28.0,29.0,28.0,27.0,225.0
103,San Luis Obispo,23.0,22.0,22.0,22.0,158.0
104,Los Angeles,22.0,21.0,23.0,22.0,29.0
105,Alameda,21.0,22.0,23.0,22.0,32.0
106,San Bernardino,19.0,17.0,18.0,18.0,51.0
107,Los Angeles,19.0,18.0,20.0,19.0,27.0
109,Kern,19.0,18.0,18.0,19.0,71.0
110,San Francisco,29.0,28.0,24.0,25.0,39.0
111,Sacramento,16.0,14.0,17.0,16.0,44.0
112,San Joaquin,21.0,20.0,20.0,20.0,98.0
113,San Mateo,16.0,14.0,18.0,15.0,31.0
114,Alameda,18.0,17.0,17.0,17.0,151.0
115,San Joaquin,17.0,16.0,17.0,17.0,94.0
116,Alameda,15.0,14.0,17.0,15.0,48.0
117,Los Angeles,16.0,16.0,17.0,17.0,133.0
118,Los Angeles,15.0,14.0,16.0,16.0,99.0
119,Contra Costa,17.0,16.0,16.0,17.0,59.0
120,Stanislaus,18.0,18.0,18.0,18.0,23.0
123,San Luis Obispo,26.0,25.0,25.0,25.0,34.0
124,Merced,19.0,17.0,17.0,19.0,71.0
128,Los Angeles,16.0,15.0,17.0,16.0,26.0
129,Los Angeles,15.0,13.0,15.0,15.0,25.0
132,Kings,16.0,14.0,15.0,16.0,112.0
134,Los Angeles,17.0,16.0,18.0,19.0,25.0
136,Kern,24.0,21.0,23.0,22.0,47.0
137,San Francisco,20.0,19.0,21.0,20.0,42.0
138,Los Angeles,21.0,19.0,20.0,20.0,114.0
139,Riverside,18.0,17.0,18.0,18.0,51.0
141,San Bernardino,18.0,17.0,19.0,19.0,26.0
142,Los Angeles,23.0,22.0,22.0,22.0,21.0
146,San Joaquin,20.0,20.0,22.0,22.0,50.0
147,Nevada,23.0,22.0,23.0,22.0,22.0
148,Riverside,22.0,20.0,20.0,21.0,48.0
149,Los Angeles,18.0,17.0,17.0,19.0,175.0
150,Los Angeles,18.0,17.0,18.0,18.0,178.0
151,Sacramento,26.0,25.0,26.0,25.0,74.0
153,Los Angeles,17.0,15.0,17.0,16.0,31.0
154,Solano,27.0,26.0,25.0,25.0,67.0
155,Los Angeles,18.0,17.0,19.0,18.0,108.0
156,Alameda,26.0,26.0,25.0,25.0,222.0
158,Los Angeles,28.0,29.0,27.0,26.0,91.0
163,Los Angeles,20.0,19.0,20.0,19.0,37.0
164,Inyo,23.0,22.0,22.0,22.0,27.0
166,Los Angeles,23.0,22.0,22.0,22.0,37.0
167,San Bernardino,21.0,21.0,20.0,21.0,17.0
168,Orange,21.0,21.0,21.0,20.0,99.0
169,Los Angeles,23.0,22.0,22.0,22.0,115.0
170,San Diego,24.0,24.0,24.0,24.0,72.0
176,Santa Clara,28.0,28.0,27.0,26.0,67.0
177,Imperial,19.0,18.0,18.0,18.0,115.0
178,Orange,26.0,26.0,26.0,26.0,121.0
180,Los Angeles,18.0,17.0,17.0,19.0,45.0
182,Fresno,26.0,24.0,24.0,25.0,125.0
183,Ventura,23.0,22.0,22.0,22.0,55.0
184,Orange,22.0,20.0,21.0,22.0,35.0
185,Merced,21.0,19.0,19.0,20.0,64.0
186,Fresno,21.0,20.0,22.0,21.0,24.0
187,Los Angeles,25.0,25.0,25.0,24.0,94.0
189,San Mateo,27.0,27.0,27.0,26.0,131.0
191,Kern,27.0,26.0,27.0,26.0,15.0
192,Los Angeles,26.0,26.0,24.0,24.0,81.0
193,San Francisco,20.0,20.0,21.0,20.0,50.0
196,Sacramento,27.0,25.0,23.0,24.0,74.0
197,Santa Barbara,26.0,24.0,24.0,25.0,27.0
198,Los Angeles,18.0,17.0,18.0,17.0,52.0
199,San Bernardino,21.0,19.0,19.0,20.0,100.0
200,Los Angeles,27.0,28.0,25.0,25.0,182.0
201,Calaveras,25.0,22.0,24.0,23.0,19.0
204,Imperial,20.0,19.0,21.0,20.0,90.0
205,Los Angeles,26.0,27.0,27.0,25.0,65.0
210,Orange,25.0,25.0,23.0,24.0,30.0
213,Contra Costa,27.0,26.0,26.0,26.0,203.0
214,Los Angeles,21.0,20.0,20.0,20.0,58.0
219,Alameda,16.0,13.0,15.0,17.0,21.0
220,Riverside,16.0,14.0,15.0,16.0,26.0
221,Los Angeles,27.0,27.0,24.0,24.0,27.0
234,Imperial,20.0,21.0,19.0,20.0,19.0
236,Los Angeles,17.0,16.0,15.0,15.0,34.0
237,Los Angeles,16.0,15.0,16.0,15.0,82.0
239,Contra Costa,30.0,30.0,28.0,28.0,161.0
240,Los Angeles,19.0,18.0,18.0,18.0,32.0
241,San Diego,30.0,31.0,30.0,29.0,409.0
242,Orange,25.0,25.0,24.0,24.0,119.0
243,Los Angeles,23.0,23.0,22.0,22.0,65.0
244,Riverside,22.0,21.0,21.0,19.0,31.0
245,Orange,26.0,27.0,26.0,25.0,151.0
247,San Mateo,20.0,20.0,20.0,20.0,52.0
248,San Mateo,27.0,26.0,27.0,26.0,173.0
249,San Diego,24.0,24.0,24.0,23.0,154.0
251,Monterey,26.0,26.0,25.0,25.0,121.0
252,Santa Barbara,22.0,19.0,22.0,22.0,39.0
253,Los Angeles,20.0,20.0,20.0,19.0,26.0
256,Sonoma,24.0,24.0,24.0,23.0,55.0
257,Sacramento,22.0,20.0,21.0,22.0,19.0
258,San Diego,21.0,20.0,21.0,20.0,23.0
261,Alameda,26.0,25.0,25.0,25.0,106.0
263,Riverside,21.0,20.0,19.0,20.0,31.0
265,Riverside,21.0,21.0,22.0,21.0,163.0
266,Los Angeles,14.0,13.0,15.0,15.0,153.0
267,Kern,22.0,21.0,23.0,22.0,51.0
270,Los Angeles,21.0,21.0,19.0,20.0,15.0
272,Fresno,22.0,21.0,20.0,22.0,37.0
274,Imperial,21.0,20.0,21.0,21.0,56.0
278,Orange,19.0,18.0,18.0,18.0,39.0
279,Stanislaus,19.0,17.0,18.0,19.0,23.0
280,Los Angeles,27.0,28.0,28.0,26.0,93.0
281,San Joaquin,19.0,19.0,18.0,18.0,22.0
282,Kern,22.0,21.0,22.0,21.0,30.0
283,Los Angeles,18.0,16.0,18.0,17.0,28.0
284,Los Angeles,17.0,16.0,17.0,17.0,39.0
288,San Bernardino,21.0,20.0,20.0,20.0,31.0
289,Los Angeles,22.0,22.0,18.0,20.0,52.0
290,Ventura,19.0,18.0,18.0,18.0,74.0
291,Riverside,23.0,21.0,21.0,22.0,178.0
294,Los Angeles,22.0,21.0,22.0,22.0,38.0
296,Los Angeles,21.0,20.0,21.0,20.0,19.0
301,Butte,25.0,23.0,24.0,24.0,46.0
302,San Bernardino,22.0,21.0,20.0,22.0,16.0
303,San Bernardino,25.0,24.0,24.0,23.0,79.0
304,Madera,21.0,20.0,20.0,21.0,18.0
305,Santa Clara,23.0,22.0,23.0,22.0,100.0
307,San Diego,20.0,20.0,19.0,20.0,83.0
310,San Bernardino,12.0,10.0,14.0,12.0,103.0
312,San Bernardino,24.0,23.0,23.0,23.0,33.0
315,Los Angeles,19.0,18.0,18.0,18.0,17.0
318,San Diego,25.0,25.0,24.0,24.0,27.0
319,Los Angeles,25.0,24.0,24.0,24.0,139.0
321,San Diego,27.0,27.0,27.0,26.0,69.0
322,Contra Costa,25.0,24.0,23.0,24.0,130.0
325,Fresno,22.0,21.0,22.0,23.0,55.0
326,Fresno,24.0,22.0,22.0,22.0,88.0
327,Fresno,27.0,27.0,27.0,27.0,124.0
329,Fresno,23.0,24.0,24.0,23.0,84.0
330,Riverside,18.0,16.0,19.0,18.0,88.0
335,San Bernardino,20.0,18.0,19.0,19.0,19.0
338,Placer,24.0,22.0,22.0,22.0,31.0
342,Contra Costa,25.0,24.0,24.0,23.0,70.0
344,San Bernardino,20.0,20.0,20.0,20.0,55.0
345,San Bernardino,18.0,17.0,19.0,18.0,71.0
350,Los Angeles,15.0,14.0,17.0,15.0,33.0
357,Los Angeles,20.0,18.0,19.0,19.0,64.0
358,Los Angeles,15.0,13.0,16.0,15.0,274.0
359,Contra Costa,25.0,24.0,24.0,23.0,24.0
365,Los Angeles,14.0,13.0,16.0,15.0,58.0
367,Los Angeles,16.0,14.0,16.0,15.0,40.0
368,Kings,18.0,17.0,18.0,19.0,40.0
369,Sacramento,23.0,23.0,22.0,21.0,23.0
373,Tehama,18.0,18.0,18.0,17.0,113.0
374,Orange,27.0,28.0,26.0,26.0,300.0
375,Riverside,19.0,18.0,19.0,19.0,108.0
376,San Diego,26.0,25.0,25.0,25.0,128.0
378,Orange,24.0,23.0,21.0,22.0,30.0
379,Sacramento,24.0,23.0,23.0,23.0,143.0
382,San Diego,19.0,18.0,18.0,19.0,37.0
385,Los Angeles,16.0,14.0,16.0,15.0,33.0
389,Los Angeles,27.0,27.0,26.0,26.0,143.0
394,Los Angeles,24.0,24.0,22.0,23.0,147.0
396,Santa Clara,29.0,30.0,30.0,29.0,209.0
398,Orange,26.0,25.0,26.0,25.0,105.0
400,Los Angeles,17.0,16.0,17.0,17.0,44.0
401,Los Angeles,19.0,20.0,18.0,18.0,33.0
403,Los Angeles,25.0,24.0,22.0,23.0,43.0
404,Orange,27.0,27.0,26.0,26.0,213.0
405,Los Angeles,24.0,24.0,22.0,22.0,23.0
406,Los Angeles,18.0,16.0,17.0,18.0,16.0
408,Yolo,28.0,28.0,28.0,27.0,144.0
409,Contra Costa,20.0,19.0,18.0,19.0,55.0
411,Contra Costa,23.0,21.0,22.0,21.0,47.0
413,Sacramento,22.0,22.0,21.0,20.0,36.0
414,San Diego,22.0,21.0,21.0,22.0,65.0
415,Santa Clara,21.0,20.0,19.0,21.0,67.0
417,San Diego,28.0,28.0,27.0,27.0,211.0
418,Placer,25.0,24.0,24.0,24.0,110.0
419,Kern,18.0,17.0,19.0,18.0,110.0
420,Merced,18.0,17.0,17.0,18.0,68.0
428,Riverside,17.0,16.0,16.0,18.0,46.0
431,Riverside,17.0,16.0,17.0,17.0,97.0
433,Fresno,21.0,20.0,21.0,20.0,58.0
434,San Mateo,29.0,29.0,26.0,28.0,33.0
435,Los Angeles,28.0,28.0,29.0,27.0,188.0
436,Los Angeles,23.0,22.0,21.0,22.0,82.0
442,Tulare,18.0,16.0,17.0,19.0,96.0
445,Solano,21.0,20.0,21.0,20.0,67.0
446,Los Angeles,15.0,14.0,16.0,15.0,268.0
447,San Bernardino,21.0,22.0,21.0,21.0,22.0
450,Santa Barbara,25.0,25.0,25.0,24.0,155.0
451,Contra Costa,30.0,30.0,30.0,29.0,294.0
452,Los Angeles,23.0,22.0,22.0,22.0,87.0
453,Los Angeles,22.0,21.0,22.0,22.0,102.0
454,Santa Clara,17.0,16.0,17.0,17.0,38.0
455,Santa Clara,16.0,15.0,16.0,17.0,57.0
456,Contra Costa,23.0,21.0,21.0,21.0,19.0
457,Los Angeles,17.0,15.0,16.0,16.0,27.0
458,Los Angeles,25.0,25.0,23.0,22.0,24.0
460,Los Angeles,20.0,20.0,18.0,19.0,28.0
461,Alameda,28.0,28.0,28.0,27.0,216.0
466,Los Angeles,25.0,25.0,23.0,23.0,38.0
468,Orange,24.0,24.0,23.0,23.0,38.0
469,Kern,19.0,17.0,18.0,18.0,34.0
471,Los Angeles,17.0,16.0,16.0,18.0,23.0
474,San Joaquin,21.0,20.0,22.0,20.0,29.0
475,Los Angeles,16.0,15.0,16.0,17.0,15.0
477,San Diego,24.0,23.0,23.0,23.0,111.0
478,Los Angeles,19.0,18.0,16.0,18.0,45.0
481,Orange,25.0,25.0,24.0,25.0,125.0
482,San Joaquin,19.0,17.0,18.0,18.0,25.0
483,Fresno,23.0,21.0,21.0,21.0,67.0
484,Los Angeles,19.0,19.0,18.0,19.0,85.0
485,Los Angeles,20.0,20.0,20.0,20.0,148.0
489,Los Angeles,18.0,17.0,18.0,19.0,20.0
490,San Bernardino,18.0,16.0,18.0,18.0,63.0
491,San Diego,19.0,18.0,20.0,20.0,94.0
492,Sacramento,25.0,23.0,24.0,24.0,46.0
494,San Mateo,24.0,24.0,24.0,22.0,21.0
495,San Diego,20.0,20.0,21.0,21.0,125.0
496,Los Angeles,25.0,26.0,25.0,24.0,122.0
498,San Diego,22.0,21.0,20.0,21.0,56.0
499,Merced,20.0,18.0,19.0,19.0,96.0
500,Contra Costa,24.0,23.0,23.0,23.0,48.0
501,Tulare,20.0,20.0,21.0,21.0,49.0
502,El Dorado,23.0,21.0,21.0,21.0,48.0
503,Orange,25.0,24.0,25.0,24.0,71.0
504,Orange,24.0,24.0,24.0,23.0,42.0
505,Sonoma,24.0,22.0,22.0,23.0,22.0
506,Los Angeles,19.0,18.0,20.0,19.0,114.0
508,Los Angeles,19.0,18.0,19.0,19.0,218.0
509,Los Angeles,25.0,25.0,24.0,24.0,109.0
511,Orange,23.0,23.0,23.0,23.0,113.0
513,Riverside,23.0,21.0,22.0,22.0,190.0
519,Sacramento,24.0,22.0,23.0,22.0,97.0
528,Alameda,26.0,26.0,25.0,24.0,44.0
530,San Bernardino,20.0,18.0,17.0,17.0,37.0
535,Los Angeles,17.0,17.0,18.0,17.0,96.0
539,San Bernardino,13.0,11.0,14.0,13.0,113.0
542,Santa Barbara,21.0,20.0,22.0,21.0,58.0
543,Los Angeles,24.0,24.0,22.0,23.0,24.0
544,San Joaquin,21.0,19.0,21.0,22.0,16.0
545,San Diego,24.0,23.0,25.0,24.0,27.0
546,San Diego,19.0,17.0,18.0,19.0,137.0
549,Orange,24.0,23.0,23.0,23.0,83.0
550,Orange,20.0,20.0,19.0,20.0,22.0
551,Los Angeles,15.0,14.0,16.0,16.0,27.0
552,San Bernardino,21.0,21.0,22.0,22.0,84.0
553,Siskiyou,20.0,20.0,21.0,21.0,27.0
555,Humboldt,24.0,22.0,23.0,22.0,23.0
556,San Mateo,19.0,17.0,18.0,19.0,51.0
557,Monterey,19.0,18.0,18.0,18.0,122.0
558,Santa Clara,29.0,29.0,29.0,28.0,122.0
561,Tulare,25.0,23.0,20.0,23.0,18.0
562,Los Angeles,21.0,21.0,21.0,20.0,36.0
565,San Diego,23.0,22.0,22.0,21.0,40.0
568,Tulare,18.0,16.0,17.0,17.0,46.0
571,Ventura,24.0,23.0,23.0,23.0,29.0
572,Fresno,16.0,15.0,16.0,17.0,31.0
574,Sacramento,19.0,18.0,20.0,19.0,94.0
575,Sacramento,27.0,27.0,27.0,26.0,127.0
576,San Bernardino,16.0,14.0,17.0,16.0,447.0
577,San Bernardino,15.0,13.0,16.0,16.0,496.0
578,Alameda,28.0,28.0,28.0,27.0,196.0
579,Kern,20.0,18.0,21.0,19.0,15.0
580,Shasta,26.0,23.0,23.0,23.0,29.0
581,Orange,26.0,26.0,25.0,24.0,155.0
583,Ventura,24.0,23.0,22.0,23.0,61.0
587,Mendocino,25.0,24.0,22.0,23.0,24.0
588,Humboldt,23.0,21.0,22.0,22.0,18.0
589,Los Angeles,19.0,18.0,19.0,18.0,56.0
590,Orange,27.0,26.0,26.0,26.0,102.0
592,Los Angeles,21.0,20.0,21.0,20.0,101.0
593,San Joaquin,20.0,19.0,20.0,20.0,57.0
594,Sacramento,26.0,25.0,25.0,23.0,69.0
596,Stanislaus,25.0,25.0,24.0,24.0,63.0
597,Contra Costa,22.0,21.0,20.0,21.0,89.0
598,Los Angeles,19.0,17.0,18.0,18.0,19.0
599,Alameda,14.0,14.0,15.0,14.0,26.0
600,Santa Clara,27.0,27.0,27.0,26.0,82.0
601,Fresno,17.0,16.0,17.0,17.0,110.0
602,Kern,25.0,23.0,24.0,22.0,50.0
603,Orange,24.0,24.0,23.0,23.0,59.0
608,Los Angeles,28.0,28.0,26.0,26.0,69.0
609,Los Angeles,21.0,21.0,22.0,22.0,41.0
610,San Francisco,21.0,20.0,23.0,21.0,95.0
611,Sacramento,19.0,16.0,19.0,19.0,26.0
612,Los Angeles,17.0,16.0,17.0,17.0,67.0
613,Orange,24.0,24.0,22.0,23.0,77.0
614,Los Angeles,18.0,17.0,17.0,17.0,24.0
615,Los Angeles,17.0,17.0,18.0,18.0,23.0
617,San Francisco,21.0,20.0,19.0,19.0,39.0
623,Santa Clara,22.0,20.0,22.0,21.0,36.0
625,Los Angeles,21.0,21.0,21.0,22.0,24.0
626,Los Angeles,25.0,23.0,24.0,24.0,28.0
627,Los Angeles,23.0,22.0,23.0,23.0,42.0
628,Los Angeles,25.0,23.0,24.0,23.0,79.0
633,Kern,21.0,18.0,19.0,20.0,22.0
634,Merced,18.0,16.0,18.0,18.0,45.0
635,Los Angeles,25.0,23.0,21.0,23.0,53.0
636,Tulare,21.0,19.0,20.0,21.0,38.0
637,San Diego,16.0,15.0,17.0,16.0,114.0
638,Monterey,17.0,17.0,17.0,17.0,63.0
643,Alameda,27.0,26.0,26.0,25.0,147.0
644,Los Angeles,25.0,25.0,24.0,24.0,204.0
645,San Bernardino,21.0,21.0,20.0,21.0,38.0
646,Placer,26.0,26.0,26.0,25.0,201.0
648,San Diego,22.0,20.0,22.0,21.0,97.0
649,Tulare,17.0,16.0,17.0,18.0,41.0
650,Sacramento,20.0,18.0,18.0,18.0,49.0
651,Riverside,24.0,24.0,23.0,23.0,214.0
652,Monterey,17.0,15.0,16.0,16.0,53.0
653,Butte,22.0,22.0,24.0,22.0,15.0
655,San Diego,23.0,22.0,23.0,22.0,87.0
659,Los Angeles,26.0,26.0,24.0,24.0,110.0
661,San Diego,27.0,26.0,26.0,26.0,16.0
662,Santa Clara,24.0,22.0,23.0,22.0,17.0
663,Merced,20.0,19.0,17.0,19.0,28.0
664,San Mateo,27.0,26.0,25.0,25.0,65.0
666,Glenn,18.0,18.0,18.0,19.0,30.0
668,Kings,21.0,21.0,20.0,21.0,18.0
669,Kings,21.0,20.0,19.0,20.0,17.0
671,Santa Cruz,20.0,19.0,21.0,20.0,45.0
672,Tulare,22.0,21.0,22.0,22.0,38.0
675,Los Angeles,18.0,17.0,17.0,17.0,124.0
676,Los Angeles,20.0,20.0,21.0,19.0,112.0
677,Alameda,21.0,20.0,20.0,20.0,37.0
678,Sonoma,24.0,25.0,22.0,22.0,36.0
679,San Joaquin,18.0,17.0,18.0,18.0,41.0
683,Orange,21.0,18.0,20.0,20.0,72.0
684,Los Angeles,15.0,14.0,16.0,15.0,34.0
686,San Diego,22.0,21.0,22.0,21.0,239.0
687,Riverside,25.0,22.0,21.0,20.0,18.0
688,San Diego,24.0,24.0,25.0,24.0,138.0
689,San Bernardino,16.0,14.0,16.0,16.0,467.0
690,Santa Clara,29.0,29.0,29.0,28.0,223.0
691,Fresno,17.0,15.0,17.0,17.0,31.0
693,Contra Costa,23.0,25.0,22.0,23.0,20.0
694,Riverside,19.0,18.0,18.0,19.0,150.0
695,Contra Costa,26.0,25.0,24.0,25.0,112.0
698,San Bernardino,20.0,18.0,18.0,18.0,40.0
700,San Diego,25.0,23.0,22.0,23.0,25.0
701,San Diego,22.0,19.0,19.0,19.0,16.0
702,San Diego,22.0,21.0,20.0,19.0,22.0
703,San Diego,21.0,21.0,19.0,20.0,38.0
704,San Diego,23.0,22.0,20.0,22.0,24.0
705,Los Angeles,20.0,21.0,21.0,20.0,15.0
706,Kern,22.0,19.0,20.0,20.0,22.0
707,Los Angeles,22.0,21.0,19.0,20.0,25.0
710,Los Angeles,17.0,16.0,18.0,18.0,20.0
711,Riverside,22.0,22.0,22.0,21.0,17.0
712,San Mateo,26.0,25.0,25.0,25.0,65.0
713,San Diego,21.0,20.0,20.0,21.0,73.0
714,Merced,22.0,20.0,20.0,20.0,26.0
715,Sacramento,15.0,15.0,18.0,17.0,28.0
716,Los Angeles,20.0,20.0,19.0,20.0,48.0
717,Imperial,20.0,18.0,20.0,19.0,29.0
718,Santa Clara,30.0,30.0,30.0,29.0,197.0
721,San Diego,18.0,17.0,18.0,18.0,206.0
725,Ventura,21.0,19.0,20.0,19.0,30.0
730,Orange,25.0,24.0,24.0,23.0,205.0
731,Los Angeles,16.0,16.0,17.0,17.0,44.0
732,Los Angeles,18.0,17.0,16.0,16.0,21.0
736,Alameda,18.0,18.0,19.0,18.0,23.0
737,Imperial,23.0,22.0,21.0,22.0,65.0
741,Santa Clara,21.0,20.0,21.0,21.0,86.0
745,Kern,20.0,20.0,19.0,20.0,41.0
750,Sacramento,18.0,16.0,18.0,17.0,463.0
751,San Bernardino,17.0,16.0,17.0,17.0,110.0
752,Riverside,18.0,17.0,17.0,18.0,45.0
754,Los Angeles,16.0,16.0,16.0,16.0,60.0
764,Los Angeles,26.0,25.0,23.0,23.0,54.0
765,Los Angeles,19.0,18.0,18.0,18.0,36.0
768,Orange,28.0,29.0,29.0,28.0,139.0
769,Alameda,30.0,31.0,30.0,29.0,111.0
773,Los Angeles,18.0,17.0,19.0,17.0,269.0
774,Stanislaus,23.0,22.0,22.0,22.0,88.0
776,Alameda,24.0,23.0,24.0,24.0,132.0
777,Los Angeles,20.0,19.0,20.0,19.0,51.0
778,San Mateo,19.0,20.0,19.0,19.0,19.0
779,Solano,20.0,18.0,18.0,19.0,44.0
780,Los Angeles,25.0,25.0,26.0,25.0,51.0
783,San Joaquin,24.0,22.0,23.0,23.0,25.0
784,Sacramento,24.0,22.0,24.0,23.0,70.0
785,Riverside,22.0,22.0,20.0,21.0,59.0
786,Alameda,26.0,25.0,25.0,24.0,38.0
787,Contra Costa,16.0,16.0,16.0,14.0,15.0
788,Orange,23.0,23.0,23.0,23.0,55.0
789,Los Angeles,21.0,20.0,21.0,20.0,32.0
790,Los Angeles,23.0,22.0,24.0,23.0,44.0
791,Los Angeles,16.0,16.0,17.0,17.0,43.0
792,Stanislaus,23.0,22.0,22.0,22.0,52.0
794,Los Angeles,23.0,22.0,22.0,22.0,77.0
796,Los Angeles,18.0,18.0,18.0,19.0,30.0
798,Riverside,20.0,19.0,20.0,20.0,118.0
799,San Francisco,16.0,14.0,16.0,15.0,33.0
800,Los Angeles,17.0,16.0,18.0,18.0,107.0
801,Stanislaus,24.0,23.0,23.0,23.0,80.0
805,San Bernardino,16.0,14.0,16.0,16.0,424.0
806,Riverside,18.0,17.0,19.0,19.0,98.0
807,Orange,20.0,18.0,18.0,20.0,18.0
811,San Diego,21.0,19.0,21.0,22.0,15.0
813,Lake,19.0,19.0,19.0,18.0,18.0
814,Fresno,22.0,21.0,21.0,23.0,38.0
815,Kern,22.0,21.0,21.0,22.0,20.0
818,Monterey,19.0,19.0,18.0,19.0,35.0
819,Los Angeles,21.0,19.0,19.0,19.0,102.0
820,San Diego,16.0,13.0,16.0,15.0,17.0
822,Fresno,23.0,21.0,22.0,21.0,41.0
824,Alameda,21.0,21.0,22.0,21.0,108.0
825,San Francisco,20.0,19.0,19.0,19.0,50.0
826,Santa Clara,20.0,20.0,20.0,20.0,100.0
828,Los Angeles,26.0,26.0,21.0,22.0,36.0
829,Los Angeles,29.0,29.0,29.0,28.0,138.0
830,San Diego,25.0,26.0,25.0,25.0,248.0
832,Orange,24.0,23.0,22.0,22.0,59.0
833,San Diego,29.0,29.0,27.0,27.0,112.0
834,Los Angeles,24.0,23.0,21.0,21.0,42.0
835,Los Angeles,22.0,20.0,21.0,20.0,41.0
836,Orange,24.0,25.0,25.0,23.0,199.0
837,Riverside,22.0,20.0,20.0,21.0,62.0
838,Los Angeles,23.0,22.0,23.0,22.0,70.0
839,Riverside,18.0,18.0,19.0,19.0,61.0
843,Orange,26.0,27.0,26.0,26.0,165.0
844,Sacramento,24.0,23.0,23.0,23.0,85.0
845,Orange,26.0,26.0,25.0,24.0,66.0
847,Riverside,19.0,18.0,19.0,19.0,92.0
848,Los Angeles,22.0,21.0,21.0,21.0,38.0
849,Los Angeles,21.0,21.0,19.0,20.0,45.0
852,Contra Costa,26.0,26.0,25.0,25.0,128.0
854,Lassen,22.0,21.0,21.0,21.0,27.0
855,San Joaquin,21.0,21.0,21.0,21.0,32.0
858,Los Angeles,18.0,17.0,17.0,18.0,28.0
860,Merced,17.0,15.0,17.0,17.0,33.0
861,San Francisco,17.0,15.0,16.0,16.0,26.0
862,Alameda,19.0,18.0,19.0,19.0,134.0
863,Contra Costa,17.0,15.0,17.0,16.0,148.0
869,Santa Clara,28.0,28.0,28.0,27.0,133.0
870,Santa Clara,29.0,30.0,29.0,28.0,164.0
871,Kings,20.0,19.0,19.0,19.0,81.0
873,Los Angeles,18.0,17.0,19.0,18.0,105.0
874,Sacramento,17.0,16.0,17.0,17.0,69.0
875,Los Angeles,18.0,17.0,17.0,17.0,33.0
876,Madera,23.0,24.0,22.0,22.0,17.0
877,Kern,23.0,22.0,22.0,22.0,60.0
878,Contra Costa,24.0,22.0,22.0,22.0,82.0
880,Sacramento,23.0,23.0,22.0,22.0,32.0
881,Alameda,20.0,20.0,20.0,20.0,27.0
882,Los Angeles,16.0,14.0,16.0,15.0,36.0
884,San Francisco,22.0,21.0,22.0,21.0,112.0
885,San Diego,18.0,17.0,18.0,18.0,81.0
886,Placer,24.0,23.0,22.0,23.0,57.0
887,San Joaquin,23.0,22.0,23.0,23.0,59.0
888,Los Angeles,16.0,16.0,17.0,17.0,88.0
889,Los Angeles,18.0,18.0,18.0,18.0,37.0
890,Los Angeles,16.0,15.0,16.0,17.0,61.0
891,San Joaquin,22.0,21.0,20.0,21.0,33.0
892,Yuba,22.0,18.0,20.0,20.0,19.0
894,San Diego,23.0,23.0,25.0,24.0,18.0
895,Los Angeles,16.0,15.0,16.0,16.0,25.0
896,Sutter,19.0,20.0,20.0,20.0,33.0
897,Santa Clara,23.0,22.0,22.0,21.0,32.0
898,Alameda,25.0,24.0,24.0,24.0,99.0
899,Merced,20.0,18.0,19.0,20.0,51.0
900,Orange,18.0,18.0,18.0,19.0,53.0
901,San Joaquin,23.0,22.0,23.0,22.0,121.0
905,Orange,26.0,27.0,26.0,25.0,262.0
906,Los Angeles,21.0,21.0,21.0,22.0,30.0
907,Santa Clara,29.0,29.0,28.0,28.0,168.0
908,Orange,18.0,17.0,18.0,18.0,163.0
910,Los Angeles,27.0,28.0,28.0,27.0,61.0
911,Los Angeles,22.0,22.0,18.0,20.0,17.0
915,Merced,21.0,20.0,20.0,20.0,19.0
916,Santa Clara,29.0,29.0,28.0,28.0,187.0
917,Tehama,17.0,15.0,17.0,17.0,38.0
918,San Bernardino,24.0,24.0,25.0,24.0,149.0
919,San Francisco,28.0,28.0,28.0,26.0,244.0
922,Alameda,15.0,13.0,16.0,16.0,99.0
924,Santa Clara,17.0,15.0,16.0,15.0,22.0
925,Sacramento,18.0,16.0,17.0,18.0,62.0
926,Santa Clara,32.0,32.0,32.0,31.0,172.0
927,Los Angeles,18.0,17.0,17.0,17.0,92.0
929,Madera,20.0,19.0,19.0,20.0,128.0
930,Madera,17.0,15.0,17.0,17.0,141.0
931,San Diego,20.0,19.0,19.0,20.0,39.0
940,Contra Costa,20.0,19.0,20.0,19.0,20.0
941,Los Angeles,26.0,26.0,24.0,24.0,36.0
942,Mono,26.0,25.0,23.0,24.0,19.0
944,San Joaquin,23.0,23.0,22.0,22.0,16.0
945,Los Angeles,15.0,14.0,16.0,16.0,80.0
946,San Diego,20.0,19.0,19.0,20.0,55.0
947,Los Angeles,18.0,17.0,17.0,17.0,68.0
948,Sonoma,29.0,28.0,27.0,27.0,81.0
951,Orange,27.0,26.0,26.0,25.0,84.0
952,Mariposa,24.0,22.0,23.0,22.0,16.0
953,Los Angeles,27.0,27.0,27.0,26.0,91.0
954,San Francisco,16.0,14.0,18.0,17.0,23.0
955,Los Angeles,24.0,23.0,23.0,23.0,50.0
956,Riverside,24.0,23.0,24.0,24.0,148.0
958,Yuba,19.0,18.0,19.0,18.0,22.0
959,Los Angeles,16.0,16.0,18.0,17.0,148.0
960,Los Angeles,19.0,19.0,19.0,19.0,66.0
964,Los Angeles,25.0,24.0,22.0,23.0,24.0
965,Los Angeles,18.0,16.0,17.0,18.0,26.0
967,Alameda,14.0,13.0,15.0,14.0,45.0
968,Kern,18.0,16.0,19.0,17.0,16.0
970,Fresno,17.0,15.0,17.0,17.0,51.0
972,Fresno,16.0,15.0,17.0,16.0,82.0
973,San Mateo,28.0,27.0,27.0,26.0,133.0
974,Merced,20.0,19.0,20.0,20.0,52.0
976,San Joaquin,20.0,19.0,19.0,20.0,65.0
977,Sacramento,20.0,19.0,19.0,19.0,27.0
980,Contra Costa,22.0,20.0,20.0,20.0,21.0
981,Orange,19.0,17.0,19.0,19.0,79.0
982,San Joaquin,26.0,26.0,24.0,24.0,44.0
983,Los Angeles,19.0,19.0,19.0,18.0,26.0
984,San Bernardino,20.0,19.0,20.0,20.0,47.0
990,Los Angeles,24.0,23.0,23.0,23.0,71.0
991,San Mateo,27.0,27.0,28.0,27.0,82.0
992,Santa Clara,26.0,27.0,27.0,26.0,72.0
993,Madera,22.0,20.0,20.0,21.0,17.0
995,Los Angeles,28.0,28.0,27.0,27.0,269.0
996,Sacramento,29.0,30.0,29.0,28.0,71.0
997,San Diego,23.0,22.0,23.0,22.0,65.0
999,Contra Costa,29.0,29.0,28.0,28.0,149.0
1001,San Diego,22.0,21.0,21.0,21.0,51.0
1003,San Francisco,17.0,15.0,17.0,16.0,98.0
1004,San Diego,23.0,21.0,21.0,22.0,178.0
1005,Tulare,21.0,21.0,21.0,21.0,18.0
1006,Alameda,31.0,32.0,32.0,30.0,157.0
1007,Orange,26.0,25.0,25.0,25.0,148.0
1009,San Diego,27.0,25.0,25.0,24.0,92.0
1010,Solano,20.0,20.0,18.0,20.0,15.0
1011,Stanislaus,20.0,19.0,20.0,19.0,163.0
1012,Modoc,17.0,15.0,17.0,18.0,40.0
1014,Kern,16.0,13.0,16.0,16.0,27.0
1022,Tulare,19.0,17.0,18.0,19.0,105.0
1024,Los Angeles,21.0,19.0,19.0,19.0,53.0
1025,Santa Clara,31.0,32.0,32.0,31.0,212.0
1026,San Bernardino,19.0,17.0,19.0,19.0,257.0
1028,San Diego,26.0,24.0,25.0,24.0,22.0
1030,Contra Costa,27.0,27.0,26.0,26.0,293.0
1031,Los Angeles,18.0,18.0,19.0,18.0,35.0
1033,Monterey,23.0,22.0,22.0,21.0,45.0
1034,Sacramento,21.0,20.0,21.0,21.0,117.0
1035,Sonoma,24.0,23.0,25.0,24.0,47.0
1036,San Diego,18.0,18.0,18.0,19.0,62.0
1037,Ventura,25.0,24.0,25.0,24.0,108.0
1038,Riverside,21.0,19.0,20.0,19.0,39.0
1040,Los Angeles,17.0,15.0,16.0,16.0,51.0
1041,San Luis Obispo,26.0,25.0,23.0,24.0,35.0
1042,San Diego,21.0,21.0,21.0,20.0,55.0
1043,San Diego,19.0,18.0,20.0,19.0,27.0
1046,San Joaquin,28.0,27.0,26.0,26.0,52.0
1050,Santa Clara,28.0,28.0,27.0,27.0,174.0
1051,Los Angeles,21.0,19.0,19.0,19.0,51.0
1052,San Diego,27.0,26.0,26.0,25.0,134.0
1053,Contra Costa,19.0,18.0,19.0,19.0,30.0
1054,Alameda,22.0,21.0,20.0,21.0,38.0
1059,Tulare,22.0,20.0,21.0,21.0,20.0
1062,Riverside,22.0,21.0,21.0,21.0,151.0
1063,Riverside,23.0,22.0,22.0,22.0,142.0
1064,Napa,22.0,22.0,22.0,22.0,59.0
1066,Los Angeles,21.0,19.0,20.0,21.0,50.0
1069,Sacramento,23.0,24.0,22.0,22.0,18.0
1070,Sacramento,15.0,13.0,16.0,15.0,199.0
1071,Sacramento,25.0,23.0,23.0,22.0,17.0
1075,Nevada,27.0,25.0,25.0,24.0,34.0
1077,Los Angeles,17.0,16.0,18.0,17.0,68.0
1078,Los Angeles,14.0,11.0,15.0,15.0,25.0
1085,Los Angeles,27.0,28.0,24.0,25.0,19.0
1086,Alameda,22.0,22.0,22.0,22.0,31.0
1087,Ventura,27.0,26.0,26.0,25.0,154.0
1088,Orange,25.0,25.0,24.0,24.0,237.0
1089,San Luis Obispo,22.0,21.0,21.0,23.0,23.0
1090,Los Angeles,19.0,17.0,18.0,19.0,68.0
1091,Riverside,23.0,21.0,22.0,22.0,58.0
1092,Ventura,26.0,26.0,24.0,24.0,15.0
1093,Riverside,20.0,18.0,19.0,18.0,63.0
1096,Kern,22.0,20.0,20.0,21.0,16.0
1097,Los Angeles,24.0,23.0,24.0,23.0,73.0
1098,Los Angeles,27.0,27.0,26.0,25.0,52.0
1100,Monterey,19.0,17.0,18.0,20.0,42.0
1102,Monterey,20.0,19.0,19.0,19.0,50.0
1105,Placer,26.0,24.0,25.0,25.0,32.0
1111,Contra Costa,27.0,27.0,26.0,26.0,180.0
1113,Los Angeles,20.0,18.0,20.0,19.0,46.0
1115,Orange,29.0,30.0,29.0,29.0,234.0
1116,Los Angeles,19.0,17.0,17.0,18.0,86.0
1117,Riverside,20.0,18.0,19.0,19.0,15.0
1118,Orange,19.0,17.0,18.0,19.0,42.0
1120,Marin,23.0,23.0,23.0,22.0,88.0
1121,Riverside,19.0,17.0,20.0,19.0,169.0
1122,Santa Clara,23.0,22.0,23.0,22.0,37.0
1123,San Bernardino,20.0,18.0,20.0,19.0,154.0
1124,Ventura,29.0,29.0,27.0,27.0,152.0
1126,El Dorado,26.0,26.0,27.0,26.0,201.0
1129,Stanislaus,25.0,24.0,24.0,23.0,37.0
1130,Alameda,23.0,22.0,25.0,22.0,18.0
1131,Alameda,19.0,19.0,19.0,19.0,74.0
1134,Alameda,26.0,26.0,21.0,23.0,30.0
1135,Alameda,26.0,25.0,25.0,24.0,131.0
1136,Alameda,17.0,15.0,19.0,18.0,53.0
1137,Placer,26.0,25.0,25.0,25.0,74.0
1142,Orange,23.0,23.0,22.0,24.0,19.0
1144,San Diego,21.0,19.0,20.0,20.0,76.0
1145,San Francisco,17.0,16.0,17.0,18.0,38.0
1146,Orange,29.0,29.0,25.0,26.0,190.0
1151,San Diego,23.0,22.0,22.0,22.0,98.0
1152,San Bernardino,19.0,17.0,19.0,18.0,81.0
1166,Fresno,16.0,15.0,16.0,16.0,33.0
1167,San Diego,19.0,18.0,18.0,19.0,101.0
1171,Santa Barbara,25.0,26.0,25.0,25.0,49.0
1172,Stanislaus,23.0,22.0,23.0,22.0,18.0
1173,Glenn,23.0,21.0,19.0,21.0,37.0
1174,Tulare,17.0,15.0,17.0,17.0,85.0
1175,Butte,21.0,19.0,20.0,21.0,19.0
1176,Los Angeles,18.0,17.0,18.0,19.0,69.0
1178,San Diego,22.0,21.0,21.0,20.0,67.0
1180,Orange,31.0,32.0,30.0,30.0,56.0
1181,Ventura,21.0,22.0,22.0,21.0,31.0
1182,Merced,20.0,20.0,19.0,19.0,39.0
1186,Santa Cruz,29.0,29.0,27.0,27.0,48.0
1187,Monterey,26.0,27.0,26.0,26.0,31.0
1188,San Bernardino,16.0,16.0,16.0,17.0,77.0
1192,Orange,24.0,24.0,25.0,24.0,36.0
1193,Ventura,22.0,20.0,21.0,21.0,16.0
1194,Santa Cruz,18.0,16.0,17.0,18.0,71.0
1195,Los Angeles,28.0,28.0,26.0,26.0,207.0
1196,Riverside,26.0,24.0,23.0,24.0,84.0
1197,Riverside,19.0,18.0,19.0,19.0,119.0
1198,Los Angeles,21.0,21.0,20.0,21.0,31.0
1199,Los Angeles,19.0,18.0,17.0,18.0,24.0
1200,Santa Clara,28.0,28.0,28.0,28.0,231.0
1202,Riverside,21.0,19.0,20.0,20.0,73.0
1204,Los Angeles,26.0,27.0,26.0,25.0,208.0
1205,Los Angeles,28.0,28.0,27.0,27.0,217.0
1208,Butte,23.0,21.0,24.0,23.0,22.0
1209,Los Angeles,21.0,21.0,21.0,22.0,61.0
1211,Fresno,18.0,16.0,18.0,18.0,33.0
1212,Los Angeles,22.0,20.0,20.0,20.0,47.0
1214,San Luis Obispo,23.0,22.0,22.0,22.0,89.0
1218,Riverside,22.0,20.0,21.0,20.0,37.0
1219,Stanislaus,24.0,22.0,21.0,21.0,15.0
1220,Los Angeles,16.0,14.0,16.0,15.0,20.0
1221,Riverside,17.0,16.0,17.0,17.0,152.0
1223,Sonoma,25.0,24.0,23.0,24.0,78.0
1226,Los Angeles,19.0,17.0,18.0,18.0,89.0
1229,Alameda,30.0,32.0,29.0,29.0,111.0
1230,Santa Clara,26.0,26.0,27.0,26.0,48.0
1231,Colusa,19.0,17.0,19.0,19.0,16.0
1232,Sonoma,22.0,20.0,20.0,21.0,47.0
1234,Contra Costa,21.0,21.0,21.0,21.0,33.0
1235,Los Angeles,18.0,17.0,20.0,18.0,88.0
1236,Santa Clara,27.0,26.0,25.0,25.0,92.0
1237,Yolo,20.0,19.0,20.0,21.0,80.0
1238,Santa Barbara,20.0,19.0,21.0,19.0,92.0
1239,Contra Costa,19.0,19.0,19.0,19.0,155.0
1245,Placer,24.0,22.0,23.0,23.0,64.0
1246,Sacramento,26.0,25.0,27.0,25.0,162.0
1247,Butte,23.0,23.0,24.0,23.0,84.0
1250,San Diego,26.0,25.0,24.0,25.0,157.0
1252,Riverside,23.0,21.0,22.0,21.0,42.0
1253,Los Angeles,25.0,24.0,24.0,24.0,137.0
1254,Los Angeles,18.0,18.0,18.0,18.0,58.0
1255,El Dorado,25.0,24.0,25.0,25.0,105.0
1256,Los Angeles,22.0,21.0,22.0,21.0,38.0
1257,Tulare,19.0,18.0,19.0,19.0,88.0
1260,San Diego,24.0,23.0,24.0,23.0,195.0
1261,San Diego,21.0,20.0,20.0,20.0,100.0
1264,Santa Clara,26.0,26.0,25.0,26.0,65.0
1270,Los Angeles,16.0,16.0,17.0,17.0,52.0
1271,Los Angeles,17.0,16.0,18.0,18.0,83.0
1272,Los Angeles,15.0,15.0,17.0,17.0,68.0
1273,Los Angeles,18.0,17.0,18.0,17.0,93.0
1274,Los Angeles,16.0,15.0,17.0,16.0,22.0
1275,Los Angeles,16.0,15.0,17.0,17.0,89.0
1277,Los Angeles,26.0,25.0,23.0,24.0,68.0
1279,Los Angeles,21.0,21.0,19.0,20.0,48.0
1280,San Diego,23.0,22.0,23.0,23.0,80.0
1281,Riverside,20.0,18.0,19.0,19.0,127.0
1283,San Diego,25.0,25.0,26.0,25.0,189.0
1284,San Diego,23.0,22.0,23.0,22.0,63.0
1285,Ventura,25.0,25.0,23.0,24.0,30.0
1286,Sonoma,20.0,18.0,20.0,20.0,38.0
1287,San Bernardino,23.0,22.0,22.0,22.0,77.0
1289,Los Angeles,16.0,15.0,17.0,17.0,43.0
1291,Riverside,22.0,20.0,19.0,20.0,36.0
1292,Riverside,20.0,19.0,19.0,19.0,37.0
1294,Tehama,20.0,19.0,20.0,20.0,151.0
1295,San Bernardino,23.0,22.0,23.0,22.0,92.0
1296,San Bernardino,28.0,27.0,28.0,27.0,46.0
1297,Los Angeles,24.0,24.0,23.0,24.0,267.0
1299,Marin,28.0,28.0,27.0,27.0,176.0
1300,Tulare,23.0,23.0,22.0,23.0,74.0
1301,Fresno,20.0,18.0,18.0,19.0,105.0
1302,Fresno,17.0,16.0,18.0,17.0,31.0
1303,Los Angeles,23.0,24.0,20.0,21.0,40.0
1305,Los Angeles,20.0,20.0,20.0,21.0,18.0
1306,San Bernardino,19.0,18.0,20.0,20.0,93.0
1308,Contra Costa,18.0,16.0,17.0,17.0,70.0
1309,Kern,19.0,17.0,18.0,19.0,54.0
1310,San Bernardino,25.0,24.0,22.0,24.0,26.0
1311,Sacramento,25.0,26.0,25.0,24.0,84.0
1312,Sacramento,20.0,19.0,20.0,20.0,28.0
1313,Ventura,22.0,22.0,22.0,22.0,37.0
1315,Sacramento,19.0,19.0,18.0,19.0,22.0
1316,San Joaquin,25.0,23.0,23.0,23.0,37.0
1317,Yolo,21.0,19.0,20.0,20.0,54.0
1320,San Diego,28.0,26.0,26.0,27.0,15.0
1321,Sutter,23.0,22.0,22.0,23.0,59.0
1324,Fresno,16.0,15.0,18.0,18.0,50.0
1326,San Bernardino,18.0,18.0,17.0,19.0,17.0
1327,Riverside,29.0,28.0,25.0,25.0,22.0
1329,Kern,20.0,18.0,20.0,20.0,54.0
1331,Placer,25.0,25.0,25.0,24.0,164.0
1333,San Joaquin,19.0,18.0,20.0,19.0,62.0
1335,Fresno,16.0,14.0,16.0,17.0,18.0
1337,Sonoma,17.0,16.0,18.0,18.0,89.0
1338,Los Angeles,26.0,25.0,25.0,24.0,51.0
1339,Sacramento,21.0,19.0,20.0,20.0,32.0
1340,Placer,23.0,22.0,22.0,22.0,110.0
1342,Ventura,25.0,25.0,24.0,25.0,55.0
1343,San Bernardino,25.0,26.0,25.0,25.0,133.0
1344,Riverside,17.0,17.0,17.0,18.0,74.0
1346,San Francisco,13.0,12.0,16.0,15.0,43.0
1347,Sacramento,17.0,16.0,17.0,17.0,144.0
1348,Orange,18.0,16.0,19.0,18.0,109.0
1349,San Diego,27.0,28.0,27.0,26.0,103.0
1350,Napa,25.0,26.0,22.0,23.0,28.0
1351,Monterey,22.0,21.0,21.0,21.0,137.0
1352,Orange,21.0,21.0,20.0,20.0,26.0
1353,San Benito,21.0,20.0,21.0,21.0,118.0
1354,San Bernardino,20.0,18.0,19.0,19.0,71.0
1355,Orange,26.0,26.0,25.0,25.0,310.0
1357,San Diego,25.0,24.0,23.0,24.0,99.0
1359,San Diego,21.0,20.0,19.0,20.0,19.0
1363,San Diego,27.0,27.0,26.0,25.0,217.0
1364,Los Angeles,24.0,23.0,24.0,23.0,42.0
1365,Los Angeles,18.0,17.0,18.0,18.0,75.0
1366,Los Angeles,21.0,20.0,21.0,21.0,54.0
1367,San Bernardino,19.0,19.0,19.0,20.0,24.0
1368,Riverside,19.0,19.0,18.0,18.0,30.0
1373,Sacramento,19.0,17.0,18.0,18.0,32.0
1374,Orange,26.0,26.0,25.0,25.0,199.0
1375,Alameda,22.0,21.0,21.0,22.0,78.0
1376,Alameda,20.0,19.0,20.0,19.0,48.0
1377,Santa Cruz,26.0,26.0,23.0,25.0,20.0
1379,San Luis Obispo,26.0,25.0,25.0,24.0,139.0
1380,San Diego,25.0,24.0,23.0,24.0,244.0
1381,Santa Barbara,25.0,25.0,24.0,25.0,106.0
1382,Marin,26.0,25.0,25.0,24.0,107.0
1383,Los Angeles,28.0,29.0,29.0,27.0,95.0
1384,San Mateo,28.0,28.0,27.0,27.0,73.0
1386,San Diego,22.0,20.0,21.0,21.0,98.0
1388,Los Angeles,21.0,20.0,20.0,20.0,49.0
1389,Marin,24.0,23.0,23.0,22.0,84.0
1390,Contra Costa,27.0,27.0,26.0,26.0,282.0
1391,San Diego,18.0,17.0,19.0,18.0,139.0
1392,Fresno,21.0,19.0,20.0,20.0,61.0
1393,Orange,17.0,16.0,18.0,18.0,85.0
1394,Santa Barbara,25.0,24.0,23.0,23.0,126.0
1395,Santa Clara,26.0,26.0,26.0,25.0,53.0
1398,Santa Cruz,26.0,25.0,26.0,25.0,50.0
1399,Los Angeles,21.0,20.0,20.0,20.0,114.0
1400,Santa Barbara,18.0,17.0,19.0,19.0,93.0
1401,Los Angeles,27.0,26.0,25.0,25.0,244.0
1402,Ventura,20.0,18.0,19.0,20.0,126.0
1403,Riverside,24.0,24.0,23.0,23.0,18.0
1404,Sonoma,27.0,25.0,25.0,24.0,87.0
1405,Ventura,28.0,27.0,25.0,26.0,26.0
1406,Santa Clara,26.0,26.0,25.0,25.0,67.0
1407,Santa Barbara,26.0,24.0,22.0,22.0,50.0
1408,San Diego,21.0,21.0,23.0,21.0,47.0
1409,Los Angeles,18.0,16.0,17.0,17.0,24.0
1410,Orange,18.0,18.0,20.0,20.0,29.0
1411,Riverside,23.0,22.0,22.0,22.0,179.0
1412,Santa Clara,31.0,32.0,31.0,30.0,121.0
1413,Los Angeles,25.0,23.0,24.0,23.0,121.0
1417,Orange,20.0,20.0,19.0,19.0,42.0
1427,Los Angeles,20.0,21.0,21.0,21.0,40.0
1428,Los Angeles,19.0,18.0,19.0,18.0,46.0
1429,Santa Cruz,27.0,26.0,25.0,25.0,60.0
1430,San Diego,28.0,28.0,27.0,27.0,203.0
1431,Monterey,21.0,19.0,20.0,20.0,34.0
1432,Orange,17.0,16.0,18.0,17.0,480.0
1435,San Mateo,24.0,23.0,23.0,23.0,122.0
1436,San Diego,23.0,23.0,23.0,23.0,35.0
1437,San Bernardino,22.0,21.0,23.0,22.0,56.0
1438,Riverside,18.0,17.0,17.0,18.0,34.0
1440,Kern,21.0,19.0,20.0,20.0,44.0
1444,Shasta,27.0,26.0,25.0,25.0,46.0
1445,Sacramento,23.0,21.0,22.0,22.0,82.0
1446,Los Angeles,25.0,25.0,23.0,24.0,47.0
1452,San Joaquin,24.0,23.0,22.0,22.0,35.0
1456,Los Angeles,19.0,18.0,19.0,19.0,108.0
1458,Santa Clara,25.0,25.0,26.0,25.0,50.0
1461,San Bernardino,19.0,18.0,17.0,19.0,71.0
1462,Ventura,23.0,24.0,23.0,23.0,75.0
1463,Marin,28.0,28.0,25.0,25.0,84.0
1466,Alameda,22.0,21.0,20.0,20.0,66.0
1468,Los Angeles,23.0,22.0,22.0,21.0,34.0
1470,Monterey,18.0,16.0,17.0,18.0,69.0
1472,Sonoma,25.0,24.0,23.0,23.0,47.0
1474,Orange,24.0,23.0,23.0,23.0,68.0
1475,Santa Cruz,25.0,23.0,22.0,22.0,81.0
1476,Los Angeles,19.0,18.0,17.0,18.0,152.0
1477,Los Angeles,19.0,19.0,19.0,20.0,57.0
1479,Los Angeles,18.0,17.0,17.0,18.0,224.0
1480,Kern,18.0,18.0,20.0,19.0,31.0
1481,Los Angeles,25.0,25.0,26.0,25.0,139.0
1482,Los Angeles,23.0,23.0,22.0,23.0,17.0
1483,Los Angeles,28.0,27.0,27.0,27.0,93.0
1484,San Mateo,22.0,23.0,25.0,23.0,20.0
1486,El Dorado,23.0,22.0,22.0,22.0,54.0
1487,Imperial,18.0,17.0,19.0,19.0,116.0
1488,San Diego,18.0,17.0,18.0,19.0,73.0
1489,San Joaquin,19.0,18.0,19.0,19.0,18.0
1490,San Diego,24.0,23.0,23.0,24.0,125.0
1492,Los Angeles,19.0,19.0,18.0,19.0,44.0
1493,Kern,25.0,25.0,24.0,23.0,99.0
1495,San Joaquin,23.0,21.0,21.0,20.0,72.0
1500,San Bernardino,21.0,19.0,21.0,21.0,21.0
1503,San Bernardino,17.0,15.0,17.0,17.0,512.0
1505,San Mateo,21.0,21.0,20.0,22.0,43.0
1506,Santa Clara,20.0,20.0,20.0,20.0,38.0
1507,San Mateo,23.0,22.0,21.0,22.0,49.0
1508,Santa Clara,22.0,22.0,21.0,22.0,31.0
1511,Los Angeles,18.0,17.0,19.0,19.0,29.0
1512,Orange,26.0,27.0,27.0,26.0,119.0
1513,Fresno,18.0,17.0,17.0,18.0,120.0
1516,Los Angeles,16.0,15.0,16.0,15.0,48.0
1517,Sutter,25.0,22.0,24.0,23.0,22.0
1520,San Diego,20.0,19.0,19.0,20.0,96.0
1523,Los Angeles,20.0,18.0,19.0,19.0,45.0
1524,Los Angeles,19.0,19.0,20.0,19.0,15.0
1525,Los Angeles,24.0,23.0,22.0,23.0,80.0
1527,Kern,21.0,18.0,19.0,19.0,35.0
1528,Placer,26.0,26.0,25.0,25.0,45.0
1529,Riverside,19.0,17.0,18.0,19.0,28.0
1530,Marin,29.0,29.0,26.0,27.0,145.0
1534,Sonoma,27.0,27.0,26.0,25.0,24.0
1537,Riverside,26.0,25.0,22.0,23.0,20.0
1538,Riverside,23.0,22.0,22.0,23.0,215.0
1539,Riverside,21.0,20.0,20.0,20.0,63.0
1540,Los Angeles,27.0,27.0,27.0,26.0,90.0
1541,San Luis Obispo,24.0,24.0,22.0,23.0,69.0
1544,Marin,25.0,24.0,23.0,23.0,56.0
1545,San Mateo,27.0,26.0,25.0,26.0,23.0
1546,Orange,26.0,26.0,25.0,25.0,259.0
1550,San Diego,19.0,18.0,19.0,20.0,97.0
1552,Los Angeles,16.0,15.0,16.0,16.0,68.0
1554,Stanislaus,21.0,20.0,21.0,21.0,69.0
1555,Los Angeles,15.0,14.0,16.0,16.0,50.0
1557,Ventura,27.0,26.0,26.0,26.0,119.0
1559,San Joaquin,21.0,20.0,22.0,22.0,92.0
1561,Los Angeles,24.0,23.0,23.0,23.0,105.0
1562,San Diego,28.0,28.0,28.0,28.0,355.0
1563,Orange,26.0,26.0,26.0,25.0,152.0
1564,San Joaquin,24.0,24.0,23.0,23.0,60.0
1565,Fresno,15.0,14.0,15.0,15.0,19.0
1566,Trinity,24.0,24.0,23.0,23.0,15.0
1569,Orange,30.0,30.0,30.0,29.0,178.0
1570,Tulare,21.0,19.0,21.0,20.0,66.0
1571,Tulare,20.0,18.0,18.0,19.0,93.0
1572,Modoc,18.0,15.0,17.0,18.0,15.0
1573,Stanislaus,24.0,22.0,22.0,22.0,53.0
1575,Orange,21.0,18.0,20.0,20.0,164.0
1578,Los Angeles,18.0,16.0,18.0,18.0,21.0
1579,Mendocino,25.0,23.0,23.0,22.0,22.0
1581,Los Angeles,21.0,21.0,21.0,21.0,41.0
1582,El Dorado,24.0,23.0,22.0,22.0,48.0
1583,San Diego,27.0,27.0,26.0,26.0,115.0
1584,Fresno,28.0,28.0,25.0,26.0,86.0
1585,Orange,29.0,29.0,29.0,28.0,233.0
1586,Los Angeles,21.0,21.0,20.0,20.0,58.0
1588,Shasta,28.0,27.0,27.0,27.0,24.0
1589,San Bernardino,22.0,22.0,22.0,21.0,43.0
1590,Santa Clara,27.0,28.0,27.0,27.0,33.0
1592,Los Angeles,18.0,16.0,18.0,18.0,34.0
1593,San Bernardino,21.0,21.0,21.0,21.0,62.0
1598,Lake,18.0,16.0,17.0,17.0,18.0
1600,Solano,22.0,22.0,22.0,22.0,58.0
1602,Los Angeles,25.0,25.0,25.0,24.0,163.0
1603,Orange,23.0,22.0,24.0,23.0,173.0
1604,San Diego,25.0,24.0,24.0,24.0,85.0
1609,Los Angeles,21.0,20.0,19.0,20.0,30.0
1610,San Diego,22.0,21.0,21.0,22.0,50.0
1613,Sacramento,19.0,18.0,19.0,20.0,70.0
1614,Orange,18.0,17.0,18.0,18.0,66.0
1615,Los Angeles,26.0,22.0,20.0,22.0,20.0
1618,Riverside,22.0,21.0,21.0,21.0,36.0
1619,Los Angeles,15.0,15.0,17.0,17.0,82.0
1620,Los Angeles,26.0,26.0,25.0,25.0,97.0
1621,Solano,25.0,23.0,23.0,24.0,40.0
1623,Los Angeles,18.0,17.0,17.0,18.0,35.0
1624,Los Angeles,23.0,22.0,22.0,22.0,96.0
1625,Ventura,24.0,22.0,22.0,22.0,88.0
1627,San Joaquin,18.0,17.0,17.0,18.0,22.0
1630,San Bernardino,18.0,17.0,19.0,18.0,39.0
1632,Orange,25.0,26.0,25.0,25.0,85.0
1635,Napa,22.0,20.0,21.0,21.0,59.0
1640,Sacramento,26.0,27.0,26.0,26.0,107.0
1641,Riverside,18.0,17.0,18.0,18.0,121.0
1642,San Diego,23.0,21.0,21.0,22.0,60.0
1644,Riverside,24.0,22.0,23.0,22.0,165.0
1651,San Francisco,23.0,23.0,22.0,23.0,33.0
1653,Los Angeles,27.0,27.0,28.0,27.0,128.0
1655,Los Angeles,23.0,23.0,23.0,22.0,48.0
1656,Kern,19.0,18.0,20.0,20.0,71.0
1657,San Francisco,21.0,21.0,22.0,22.0,94.0
1659,Fresno,16.0,15.0,16.0,16.0,121.0
1660,Alameda,28.0,28.0,28.0,27.0,65.0
1662,Santa Cruz,17.0,16.0,18.0,18.0,110.0
1665,Los Angeles,18.0,17.0,18.0,18.0,35.0
1667,Sacramento,25.0,24.0,23.0,23.0,46.0
1668,Los Angeles,24.0,24.0,24.0,23.0,25.0
1669,Kern,20.0,18.0,20.0,20.0,51.0
1670,Los Angeles,25.0,26.0,25.0,25.0,123.0
1671,San Diego,25.0,24.0,23.0,23.0,49.0
1674,Los Angeles,27.0,27.0,26.0,26.0,182.0
1676,Shasta,24.0,21.0,21.0,23.0,23.0
1677,Riverside,19.0,18.0,18.0,19.0,72.0
1678,Riverside,26.0,25.0,23.0,24.0,21.0
1679,Orange,19.0,18.0,20.0,20.0,54.0
1680,Placer,26.0,24.0,21.0,24.0,32.0
1681,Ventura,27.0,28.0,26.0,26.0,146.0
1682,Orange,22.0,21.0,23.0,22.0,48.0
1683,Santa Clara,28.0,28.0,25.0,26.0,71.0
1684,San Mateo,24.0,25.0,25.0,24.0,28.0
1686,San Diego,28.0,29.0,28.0,27.0,212.0
1687,Yuba,23.0,21.0,21.0,22.0,18.0
1690,Los Angeles,31.0,31.0,30.0,29.0,55.0
1691,Placer,26.0,25.0,25.0,25.0,112.0
1692,Los Angeles,18.0,18.0,19.0,18.0,60.0
1693,Solano,24.0,23.0,24.0,23.0,30.0
1695,Santa Clara,17.0,16.0,18.0,18.0,106.0
1696,Los Angeles,20.0,18.0,19.0,19.0,52.0
1697,Los Angeles,26.0,25.0,24.0,24.0,110.0
1701,Santa Clara,26.0,25.0,24.0,25.0,55.0
1703,San Bernardino,18.0,18.0,18.0,18.0,34.0
1705,Los Angeles,24.0,23.0,22.0,22.0,75.0
1706,Sonoma,23.0,22.0,21.0,22.0,116.0
1708,Kern,18.0,18.0,18.0,18.0,126.0
1709,Orange,27.0,27.0,27.0,26.0,174.0
1710,Placer,25.0,24.0,24.0,25.0,132.0
1711,Tulare,18.0,18.0,19.0,18.0,30.0
1712,Yolo,19.0,18.0,18.0,19.0,59.0
1713,Los Angeles,18.0,17.0,17.0,18.0,68.0
1714,San Mateo,24.0,23.0,23.0,23.0,106.0
1716,Contra Costa,23.0,21.0,22.0,22.0,18.0
1717,Orange,25.0,24.0,25.0,24.0,104.0
1718,Madera,22.0,21.0,22.0,22.0,33.0
1721,Siskiyou,23.0,20.0,21.0,21.0,38.0
1722,Sutter,23.0,21.0,22.0,22.0,56.0
1725,San Bernardino,24.0,22.0,22.0,22.0,61.0
