,cname,pctbothbenchmark12,numtsttakr12
2,Los Angeles,0.1373,102
3,Los Angeles,0.1593,113
5,Los Angeles,0.3396,106
6,Orange,0.6947,190
7,Riverside,0.1176,17
8,Imperial,0.1852,27
9,Los Angeles,0.0882,68
10,Riverside,0.402,204
13,Los Angeles,0.4265,68
15,Riverside,0.31579999999999997,38
17,San Bernardino,0.3602,186
18,San Diego,0.4375,64
20,Fresno,0.39659999999999995,237
22,San Joaquin,0.20309999999999997,192
23,Los Angeles,0.39380000000000004,193
24,Los Angeles,0.3043,23
25,Los Angeles,0.6809000000000001,47
26,Los Angeles,0.7993000000000001,269
27,Nevada,0.6966,89
28,Orange,0.8732,205
29,San Mateo,0.4448,344
30,Contra Costa,0.2329,249
32,Los Angeles,0.2771,166
33,Los Angeles,0.0964,83
34,Los Angeles,0.16949999999999998,932
37,San Mateo,0.8571,147
38,San Mateo,0.593,86
39,Alameda,0.7415999999999999,178
41,Los Angeles,0.3529,17
44,San Francisco,0.9102,423
47,Marin,0.7987000000000001,149
48,Riverside,0.6667000000000001,33
50,San Diego,0.0556,18
51,San Diego,0.44,25
52,San Joaquin,0.23379999999999998,77
54,Contra Costa,0.6393,244
56,Fresno,0.5357,28
58,Riverside,0.3214,112
59,San Bernardino,0.6331,556
61,San Bernardino,0.2175,354
63,Los Angeles,0.6654000000000001,263
64,Los Angeles,0.0323,31
65,Merced,0.3579,95
66,San Bernardino,0.29410000000000003,17
67,San Bernardino,0.22769999999999999,202
68,San Bernardino,0.46,50
70,San Joaquin,0.578,173
72,Los Angeles,0.1724,29
73,Los Angeles,0.5826,218
74,Merced,0.3099,142
75,Merced,0.3909,110
76,Sacramento,0.6218,119
78,San Diego,0.6911,191
80,Los Angeles,0.2114,123
81,Los Angeles,0.6,80
82,Madera,0.20929999999999999,86
85,Placer,0.5489999999999999,51
86,Los Angeles,0.69,100
87,Los Angeles,0.13849999999999998,65
89,Orange,0.19940000000000002,321
91,San Bernardino,0.1481,108
92,San Diego,0.7923,183
95,Siskiyou,0.375,16
98,Alameda,0.47619999999999996,21
99,Kern,0.5909,242
101,Los Angeles,0.6047,296
102,Los Angeles,0.2,15
106,San Bernardino,0.193,114
107,San Joaquin,0.20550000000000002,73
108,Santa Clara,0.449,49
109,San Joaquin,0.6061,132
110,Tulare,0.1,60
111,San Joaquin,0.2353,68
112,Solano,0.23329999999999998,60
113,Tulare,0.4462,130
115,San Diego,0.3062,209
117,Santa Clara,0.8922,204
118,Alameda,0.8421,114
122,Ventura,0.1567,402
123,Stanislaus,0.4213,235
124,Santa Cruz,0.75,112
128,Orange,0.6319,163
129,Orange,0.5907,215
131,Sacramento,0.2545,55
132,San Diego,0.7957,186
135,Stanislaus,0.4389,221
136,Kern,0.3261,46
142,Los Angeles,0.2368,38
144,Alameda,0.953,149
145,Contra Costa,0.5368999999999999,203
146,Fresno,0.1304,69
148,Orange,0.7116,319
149,Riverside,0.4286,238
150,San Bernardino,0.23399999999999999,282
151,Contra Costa,0.32130000000000003,277
153,Orange,0.3504,137
154,Riverside,0.1996,471
155,San Bernardino,0.29710000000000003,138
156,Alameda,0.16670000000000001,42
158,Los Angeles,0.1389,36
159,Los Angeles,0.4219,64
160,Los Angeles,0.4703,202
162,San Bernardino,0.516,376
163,San Bernardino,0.6842,19
164,San Diego,0.5841,113
165,Contra Costa,0.11539999999999999,26
166,Contra Costa,0.0155,129
167,Los Angeles,0.8654000000000001,260
168,Marin,0.7091,110
169,San Bernardino,0.4483,29
170,San Francisco,0.3043,23
172,Fresno,0.6994,173
173,Los Angeles,0.4646,396
174,Los Angeles,0.175,40
175,Los Angeles,0.1346,52
176,Merced,0.3297,91
177,Riverside,0.2115,52
179,San Diego,0.43479999999999996,23
180,San Joaquin,0.33649999999999997,104
181,Calaveras,0.6304,46
182,Colusa,0.1429,21
183,Monterey,0.2727,110
185,San Luis Obispo,0.7551000000000001,49
187,Madera,0.35,20
190,Sacramento,0.5115,217
192,San Diego,0.2992,127
193,San Diego,0.6484000000000001,219
196,Orange,0.8059999999999999,335
197,Riverside,0.1322,174
198,Fresno,0.6321,299
199,Los Angeles,0.3182,22
202,Santa Clara,0.7696999999999999,165
206,Yolo,0.5161,31
209,Butte,0.6774,31
211,Los Angeles,0.1304,46
212,Riverside,0.17079999999999998,439
213,Santa Clara,0.5652,46
214,Santa Clara,0.0882,34
216,Santa Clara,0.8343,344
217,Tulare,0.5423,142
219,Los Angeles,0.4118,34
220,Orange,0.0958,407
222,Sacramento,0.0222,45
223,San Diego,0.8629000000000001,175
224,San Luis Obispo,0.6154,52
227,San Diego,0.3223,121
228,San Diego,0.6812999999999999,182
230,Sonoma,0.5495,91
231,Los Angeles,0.095,463
233,Los Angeles,0.8732,205
234,Riverside,0.5333,225
236,Santa Clara,0.6327,49
237,Ventura,0.6386999999999999,119
238,San Francisco,0.2929,140
240,Los Angeles,0.6701,291
245,Butte,0.7726999999999999,22
249,Fresno,0.5333,60
251,Kern,0.2434,152
252,Kern,0.2541,122
254,Los Angeles,0.2157,102
255,Los Angeles,0.6881,202
256,Los Angeles,0.8431000000000001,51
260,Alameda,0.3023,43
261,Imperial,0.41759999999999997,91
262,Los Angeles,0.12,25
267,Contra Costa,0.5,118
270,Lake,0.3111,45
271,Lake,0.2121,33
272,Nevada,1.0,32
273,Orange,0.8571,168
274,Riverside,0.561,287
276,San Diego,0.2703,74
280,Kern,0.6,30
281,Los Angeles,0.8571,266
283,Monterey,0.39740000000000003,78
285,Los Angeles,0.48,25
286,Los Angeles,0.21280000000000002,47
289,Los Angeles,0.21760000000000002,193
290,Los Angeles,0.1553,206
291,Riverside,0.39840000000000003,256
293,Fresno,0.2727,22
294,Los Angeles,0.9176000000000001,170
300,Alameda,0.5484,124
302,Lassen,0.4,40
303,Los Angeles,0.21280000000000002,47
305,Alameda,0.48109999999999997,106
307,Humboldt,0.48210000000000003,56
308,Los Angeles,0.1429,42
311,San Diego,0.20879999999999999,91
313,Alameda,0.3116,138
315,Mendocino,0.6,30
316,Orange,0.5306000000000001,245
317,Sacramento,0.5664,113
318,Alameda,0.39899999999999997,193
319,Los Angeles,0.048799999999999996,41
320,Los Angeles,0.1333,135
321,Los Angeles,0.8785,181
322,Riverside,0.4048,252
327,Contra Costa,0.15810000000000002,291
328,Los Angeles,0.354,161
330,Los Angeles,0.3579,95
331,Los Angeles,0.5522,67
332,San Bernardino,0.2353,17
340,Kings,0.32909999999999995,79
341,Los Angeles,0.3268,254
342,Los Angeles,0.3177,192
343,Los Angeles,0.3071,127
344,Los Angeles,0.7156999999999999,204
345,Los Angeles,0.0789,38
346,Napa,0.1875,16
347,Alameda,0.8436,179
348,Los Angeles,0.08,50
349,Los Angeles,0.2949,78
350,Orange,0.4233,489
351,Riverside,0.2389,113
355,Riverside,0.37810000000000005,201
356,San Diego,0.2637,201
357,San Diego,0.2561,82
358,Tulare,0.6154,26
361,Santa Clara,0.4459,148
362,Santa Clara,0.6754000000000001,268
363,San Luis Obispo,0.6335999999999999,131
364,Santa Clara,0.9695,197
366,Sonoma,0.6122,98
367,Santa Clara,0.5906,171
368,Stanislaus,0.5,20
369,San Mateo,0.5714,77
373,Stanislaus,0.5176,199
374,Ventura,0.8903,155
377,Stanislaus,0.3182,66
378,San Joaquin,0.4242,33
380,Shasta,0.8472,72
381,Shasta,0.8116,69
383,Contra Costa,0.32939999999999997,85
384,Los Angeles,0.08220000000000001,73
385,Sacramento,0.40409999999999996,245
386,San Diego,0.6218,238
387,San Diego,0.5982,112
388,Yolo,0.7895,38
389,Contra Costa,0.9037000000000001,270
392,Los Angeles,0.0704,142
393,Marin,0.5635,126
395,Sacramento,0.15289999999999998,85
396,San Diego,0.11900000000000001,168
397,Stanislaus,0.47369999999999995,171
398,Los Angeles,0.34740000000000004,95
399,Los Angeles,0.060599999999999994,33
400,Madera,0.3521,71
401,Orange,0.9381,113
402,Orange,0.21109999999999998,199
403,Orange,0.3643,129
404,Orange,0.4386,114
405,Orange,0.7241,203
406,Placer,0.6970000000000001,165
408,Contra Costa,0.3654,208
409,Contra Costa,0.1242,322
410,Los Angeles,0.0973,185
411,Los Angeles,0.6364,66
413,Los Angeles,0.41759999999999997,91
414,Los Angeles,0.08259999999999999,109
415,Los Angeles,0.7820999999999999,179
419,Alameda,0.25,16
421,Merced,0.1628,43
422,Merced,0.1707,82
424,Calaveras,0.7027,37
426,Fresno,0.35,100
429,Monterey,0.1481,54
432,San Diego,0.6928,319
433,San Diego,0.3897,195
434,Los Angeles,0.16390000000000002,61
435,Los Angeles,0.6667000000000001,63
437,Orange,0.7559999999999999,250
438,Fresno,0.15789999999999998,57
439,Los Angeles,0.41859999999999997,43
441,Sacramento,0.2756,283
442,San Bernardino,0.11900000000000001,42
443,San Bernardino,0.3611,108
444,San Luis Obispo,0.5789,19
446,Contra Costa,0.8856999999999999,105
447,Kings,0.3265,49
448,Los Angeles,0.6503,306
449,Los Angeles,0.425,200
450,Los Angeles,0.5692,130
452,San Bernardino,0.5882000000000001,17
453,San Diego,0.4894,188
456,Kern,0.25,104
460,Los Angeles,0.8123,293
462,Los Angeles,0.3333,18
463,San Joaquin,0.16469999999999999,170
465,Solano,0.5661,189
466,Contra Costa,0.47369999999999995,38
468,Los Angeles,0.1714,105
471,Orange,0.8645999999999999,229
474,Del Norte,0.4225,71
476,Los Angeles,0.713,230
479,Los Angeles,0.1705,88
480,Merced,0.2605,119
481,Orange,0.2921,89
482,Riverside,0.16269999999999998,338
485,El Dorado,0.8515999999999999,256
486,Los Angeles,0.0857,35
487,Riverside,0.6396999999999999,136
489,Riverside,0.2865,192
491,Santa Clara,0.2481,133
492,Tulare,0.48,75
493,Santa Clara,0.6994,163
501,Santa Clara,0.3143,35
502,San Francisco,0.1463,41
504,San Mateo,0.11900000000000001,42
505,San Mateo,0.12119999999999999,33
506,San Mateo,0.6701,194
507,Stanislaus,0.456,193
508,Ventura,0.7025,121
509,Los Angeles,0.047599999999999996,63
510,Los Angeles,0.6794,287
513,Santa Cruz,0.23879999999999998,134
514,Sutter,0.5195000000000001,77
516,Los Angeles,0.3387,62
517,Marin,0.22219999999999998,27
518,San Diego,0.4545,33
519,Santa Barbara,0.5789,19
523,Los Angeles,0.6102000000000001,177
526,Los Angeles,0.0652,46
527,Orange,0.8092,152
528,Orange,0.10529999999999999,551
530,Contra Costa,0.711,218
531,Fresno,0.2157,51
533,Fresno,0.34380000000000005,320
535,Los Angeles,0.131,84
536,Los Angeles,0.1852,27
538,Riverside,0.2462,65
539,Riverside,0.129,31
540,San Bernardino,0.4318,44
541,Alameda,0.8906000000000001,64
542,Los Angeles,0.2966,381
544,San Bernardino,0.2974,232
545,Los Angeles,0.19149999999999998,47
546,Los Angeles,0.0435,23
547,Los Angeles,0.3043,23
548,Los Angeles,0.08109999999999999,37
549,Orange,0.6456999999999999,127
550,Sacramento,0.3226,62
551,Sacramento,0.8867,150
552,San Diego,0.777,139
553,Alameda,0.8378,259
554,Kern,0.3009,113
555,Los Angeles,0.1406,64
557,Placer,0.7179000000000001,39
558,Sacramento,0.6701999999999999,285
559,Los Angeles,0.0395,76
565,San Bernardino,0.4658,73
566,San Francisco,0.0638,47
568,Los Angeles,0.2091,220
571,Fresno,0.1522,46
574,Los Angeles,0.21739999999999998,92
575,Los Angeles,0.7829,387
576,Orange,0.6349,189
577,Riverside,0.3125,224
578,San Benito,0.47619999999999996,21
579,San Diego,0.5549000000000001,328
580,Alameda,0.8492000000000001,179
582,San Bernardino,0.6376,367
583,San Diego,0.7852,149
584,Santa Clara,0.929,183
585,Contra Costa,0.7870999999999999,155
588,Los Angeles,0.5031,161
589,Los Angeles,0.09300000000000001,43
590,Los Angeles,0.0217,46
591,Los Angeles,0.20829999999999999,48
593,San Bernardino,0.2826,46
596,San Diego,0.3704,27
597,Fresno,0.059500000000000004,84
599,Los Angeles,0.5186999999999999,268
602,San Diego,0.47979999999999995,223
603,San Mateo,0.5905,105
606,Alameda,0.3125,16
607,Los Angeles,0.29469999999999996,95
608,Los Angeles,0.08109999999999999,37
609,Los Angeles,0.4304,158
610,Riverside,0.272,125
611,Sacramento,0.381,42
612,Sutter,0.4571,35
614,Siskiyou,0.5366,41
616,Alameda,0.1311,61
617,Fresno,0.3427,143
618,Kern,0.3012,166
620,Sacramento,0.6154,52
621,San Joaquin,0.2027,74
622,Tulare,0.1393,122
623,Sonoma,0.09519999999999999,21
624,San Joaquin,0.6292,89
625,Santa Clara,0.6214,140
627,San Diego,0.9167000000000001,156
629,Tuolumne,0.625,24
632,Sonoma,0.8484999999999999,99
634,Sonoma,0.6778,90
635,Los Angeles,0.1358,81
636,Los Angeles,0.1791,430
637,Orange,0.6905,252
638,San Bernardino,0.32780000000000004,241
640,Ventura,0.2057,491
641,Santa Cruz,0.875,48
642,Santa Cruz,0.575,40
645,Kern,0.6146,192
646,Kern,0.1759,216
647,Los Angeles,0.6257,179
649,Los Angeles,0.28300000000000003,53
650,Los Angeles,0.5029,175
652,Orange,0.7556999999999999,176
653,Riverside,0.2138,538
655,Humboldt,0.6667000000000001,15
656,Los Angeles,0.4861,72
657,Los Angeles,0.36840000000000006,19
658,Los Angeles,0.11109999999999999,279
659,Madera,0.18460000000000001,130
662,Placer,0.6831999999999999,101
665,Contra Costa,0.3077,104
666,Sacramento,0.7138,283
667,San Bernardino,0.2775,227
668,San Diego,0.4857,105
669,San Francisco,0.2519,131
670,Contra Costa,0.823,243
671,Los Angeles,0.20620000000000002,97
672,Los Angeles,0.09179999999999999,98
673,Los Angeles,0.20929999999999999,43
676,Fresno,0.25420000000000004,59
677,Los Angeles,0.1,60
680,Fresno,0.248,379
681,Los Angeles,0.0817,208
682,Los Angeles,0.1531,294
683,Los Angeles,0.09480000000000001,116
688,San Mateo,0.5263,171
689,Alameda,0.6129,186
690,Los Angeles,0.18600000000000003,86
691,Los Angeles,0.25,24
692,Riverside,0.40399999999999997,99
693,Sacramento,0.2,15
695,San Bernardino,0.25429999999999997,173
696,San Bernardino,0.2823,124
697,San Diego,0.37070000000000003,116
698,Santa Barbara,0.6957,69
701,Los Angeles,0.047599999999999996,21
702,Los Angeles,0.6011,188
703,Los Angeles,0.3452,84
704,Los Angeles,0.08380000000000001,334
706,San Mateo,0.7848999999999999,172
708,Los Angeles,0.15109999999999998,139
709,Los Angeles,0.04,25
710,Los Angeles,0.22219999999999998,45
711,Mendocino,0.2,25
713,Santa Barbara,0.6688,157
714,Shasta,0.623,61
716,Fresno,0.2195,41
721,San Diego,0.375,32
723,Santa Clara,0.21050000000000002,19
726,Los Angeles,0.6847,203
728,Los Angeles,0.6949,118
729,Los Angeles,0.5325,154
730,Los Angeles,0.29109999999999997,158
732,San Bernardino,0.4372,231
733,San Diego,0.6585,41
734,Tehama,0.6,30
735,Los Angeles,0.11630000000000001,43
736,Los Angeles,0.10189999999999999,108
737,Riverside,0.242,405
738,Sacramento,0.15380000000000002,26
739,San Joaquin,0.22,50
740,Solano,0.6277,94
741,Sacramento,0.1081,37
745,Tulare,0.12,100
746,Butte,0.7308,52
748,Monterey,0.2981,161
749,Solano,0.5906,127
750,Kern,0.7209,86
752,Los Angeles,0.2216,176
755,Los Angeles,0.2623,183
756,Stanislaus,0.2,190
757,Ventura,0.8059999999999999,67
758,Ventura,0.609,133
759,San Diego,0.48450000000000004,97
760,San Diego,0.3761,109
762,Stanislaus,0.2703,111
765,Yuba,0.5,52
770,Orange,0.7646999999999999,153
771,Orange,0.7990999999999999,234
772,Alameda,0.2759,29
773,Alameda,0.04650000000000001,43
775,Marin,0.8976999999999999,176
776,Riverside,0.02,50
779,San Bernardino,0.0455,44
780,San Bernardino,0.55,360
781,Alameda,0.11109999999999999,45
782,Alameda,0.5397,63
783,Alameda,0.0909,22
784,Imperial,0.3934,183
785,Los Angeles,0.5714,182
786,Los Angeles,0.7639,72
787,Sacramento,0.42700000000000005,89
788,Alameda,0.1429,28
789,Los Angeles,0.31670000000000004,60
790,Merced,0.24170000000000003,120
792,San Bernardino,0.2021,94
795,Sacramento,0.7034,145
796,San Diego,0.8275,255
797,San Diego,0.3043,92
798,San Diego,0.5126,119
800,San Joaquin,0.3333,75
801,Kern,0.5323,62
803,Monterey,0.2888,232
804,Riverside,0.1931,145
805,Riverside,0.34740000000000004,213
806,San Joaquin,0.45770000000000005,142
808,Los Angeles,0.25,20
809,Los Angeles,0.18030000000000002,183
810,Los Angeles,0.25,192
811,Los Angeles,0.6167,240
812,Los Angeles,0.6856,299
814,Riverside,0.5385,221
815,Kern,0.40630000000000005,128
816,Los Angeles,0.09759999999999999,41
819,Contra Costa,0.25,44
820,Contra Costa,0.013500000000000002,74
821,Los Angeles,0.8454999999999999,369
822,Placer,0.7876000000000001,193
826,San Francisco,0.047599999999999996,42
827,San Mateo,0.7219,151
828,Contra Costa,0.7651,149
835,Orange,0.8023,258
836,Santa Clara,0.7404999999999999,185
837,Contra Costa,0.5652,115
840,Riverside,0.4581,310
841,San Bernardino,0.3593,270
842,Santa Clara,0.5,160
843,Sonoma,0.7037,27
844,Ventura,0.5714,49
846,Tulare,0.2727,33
848,Los Angeles,0.0759,79
849,Sacramento,0.5455,77
850,San Bernardino,0.23600000000000002,89
851,Santa Clara,0.5571,140
852,Solano,0.4754,122
853,Sonoma,0.6881999999999999,93
854,Tulare,0.40590000000000004,101
855,Solano,0.5,32
857,Fresno,0.08789999999999999,91
858,Riverside,0.18289999999999998,82
860,Santa Clara,0.7454999999999999,55
862,Orange,0.6017,118
863,San Luis Obispo,0.7868,136
864,Sonoma,0.6589,129
866,Stanislaus,0.24109999999999998,141
867,Alameda,0.4878,164
868,Los Angeles,0.3883,103
871,Stanislaus,0.331,142
872,Sacramento,0.6114999999999999,139
873,San Bernardino,0.2778,18
874,Yolo,0.8881,268
875,Santa Cruz,0.8111,90
876,Stanislaus,0.275,40
877,Yolo,0.41600000000000004,125
878,Yolo,0.3776,98
879,Alameda,0.6042000000000001,48
880,Imperial,0.10529999999999999,19
882,Kern,0.1881,101
883,Los Angeles,0.11560000000000001,199
884,Orange,0.8881,286
887,Santa Barbara,0.4789,142
889,Alameda,0.875,32
890,Kern,0.6299,127
891,Kern,0.2256,133
892,Los Angeles,0.375,264
893,Los Angeles,0.3496,266
894,Los Angeles,0.6683,208
895,San Bernardino,0.5963,109
897,El Dorado,0.6349,63
898,El Dorado,0.7826000000000001,138
899,El Dorado,0.5185,54
900,Merced,0.1522,46
901,Orange,0.4022,92
902,Contra Costa,0.2,110
903,Kings,0.127,63
904,Lake,0.6667000000000001,27
906,Los Angeles,0.45770000000000005,461
907,Los Angeles,0.42340000000000005,607
908,Los Angeles,0.29510000000000003,671
909,Los Angeles,0.392,125
910,Los Angeles,0.45409999999999995,207
911,Los Angeles,0.4721,197
913,Los Angeles,0.7789,190
916,Nevada,0.65,40
919,Alameda,0.8571,203
922,San Diego,0.5690999999999999,246
923,Alameda,0.474,192
925,Los Angeles,0.035699999999999996,28
926,Los Angeles,0.1605,81
927,Los Angeles,0.0833,60
930,Santa Clara,0.741,139
935,Los Angeles,0.3591,181
936,Los Angeles,0.3214,28
938,Los Angeles,0.634,194
940,Los Angeles,0.0116,86
941,Orange,0.6698000000000001,324
942,San Bernardino,0.32159999999999994,171
943,San Diego,0.7204,93
945,Los Angeles,0.3448,116
948,San Mateo,0.7042,71
949,San Mateo,0.3191,47
950,San Mateo,0.6136,176
951,Riverside,0.23440000000000003,64
952,Riverside,0.9143000000000001,35
953,Kern,0.35710000000000003,28
955,Monterey,0.3857,280
956,Riverside,0.3243,111
957,Sacramento,0.0857,210
958,San Luis Obispo,0.5,52
961,Los Angeles,0.4296,135
965,Santa Barbara,0.7679,56
966,Santa Barbara,0.5152,132
969,Orange,0.5333,15
971,Sacramento,0.1429,28
973,Contra Costa,0.7938,97
974,Los Angeles,0.8134,134
975,Los Angeles,0.375,144
976,Napa,0.5172,29
977,Riverside,0.26789999999999997,168
978,Alameda,0.4539,141
979,Los Angeles,0.09380000000000001,96
980,Orange,0.6279,172
981,Placer,0.5987,157
982,San Diego,0.23079999999999998,65
983,San Francisco,0.6426000000000001,319
984,Santa Clara,0.4901,151
987,Tulare,0.2522,115
990,San Mateo,0.17980000000000002,228
991,Santa Clara,0.8804000000000001,184
992,Ventura,0.648,125
993,Ventura,0.7636,220
997,Los Angeles,0.1462,130
1000,Alameda,0.4,35
1001,Alameda,0.1026,39
1002,Los Angeles,0.4851,101
1003,Riverside,0.6097,392
1004,Santa Cruz,0.6,65
1005,Santa Cruz,0.5631,103
1007,Imperial,0.3529,51
1008,Los Angeles,0.8,145
1009,Los Angeles,0.9167000000000001,120
1012,Los Angeles,0.11900000000000001,84
1013,Orange,0.6762999999999999,173
1014,Riverside,0.2767,571
1016,Glenn,0.1852,27
1017,Madera,0.46,50
1020,San Diego,0.466,103
1021,San Diego,0.6159,138
1022,San Bernardino,0.15380000000000002,65
1023,San Bernardino,0.32939999999999997,170
1025,San Diego,0.44439999999999996,18
1027,Los Angeles,0.6406000000000001,64
1028,Los Angeles,0.1404,57
1030,Los Angeles,0.193,57
1031,Los Angeles,0.2539,382
1032,Riverside,0.2432,37
1034,Alameda,0.4154,65
1036,Los Angeles,0.4457,92
1037,Los Angeles,0.5083,240
1038,Orange,0.5971,417
1039,Orange,0.1654,381
1041,Kern,0.0909,66
1043,Los Angeles,0.4891,274
1044,Los Angeles,0.763,422
1045,San Bernardino,0.2857,77
1047,Los Angeles,0.7490000000000001,247
1048,Los Angeles,0.3107,428
1050,San Diego,0.4138,58
1051,Fresno,0.4757,185
1053,Los Angeles,0.18030000000000002,61
1055,Orange,0.2965,425
1056,Orange,0.4023,87
1057,Sacramento,0.1493,134
1059,Alameda,0.5543,92
1061,Kern,0.2917,120
1062,Los Angeles,0.3697,119
1064,Los Angeles,0.5467,150
1065,Los Angeles,0.6733,251
1068,Contra Costa,0.2597,77
1069,Los Angeles,0.0139,72
1071,Los Angeles,0.31579999999999997,19
1072,Napa,0.4194,155
1073,Contra Costa,0.7595000000000001,79
1074,Lake,0.5135000000000001,37
1076,Los Angeles,0.4341,182
1077,Orange,0.5,18
1078,Ventura,0.0123,81
1081,Los Angeles,0.1184,76
1082,San Diego,0.85,20
1083,San Mateo,0.5328,122
1084,San Mateo,0.6993,143
1085,Alameda,0.2025,79
1086,Los Angeles,0.3525,139
1091,Merced,0.3034,145
1092,Riverside,0.7463,67
1093,San Diego,0.5969,196
1095,San Diego,0.6444,225
1098,Santa Clara,0.7674,129
1099,Solano,0.537,162
1100,Santa Clara,0.9464,112
1102,Santa Clara,0.9431999999999999,88
1104,Kings,0.6154,39
1106,San Bernardino,0.4036,166
1108,Ventura,0.1805,421
1109,Ventura,0.2784,352
1110,Santa Clara,0.7736,106
1111,Ventura,0.5273,110
1112,San Bernardino,0.3036,56
1113,San Diego,0.8281000000000001,221
1114,San Joaquin,0.44439999999999996,63
1118,San Diego,0.6315999999999999,114
1121,Stanislaus,0.6556000000000001,90
1123,Los Angeles,0.2938,211
1125,Los Angeles,0.1061,66
1126,Los Angeles,0.4028,211
1127,Mendocino,0.6049,81
1128,Orange,0.2764,246
1131,Los Angeles,0.3611,36
1132,Monterey,0.0755,106
1134,Orange,0.0208,48
1137,Alameda,0.3889,54
1138,Humboldt,0.6857,35
1140,Los Angeles,0.6533,75
1141,Los Angeles,0.2576,66
1143,Fresno,0.2368,76
1144,Fresno,0.1273,55
1146,Kern,0.6872,195
1147,Los Angeles,0.3059,85
1148,Los Angeles,0.2903,31
1149,Los Angeles,0.1471,68
1151,Mono,0.5769,26
1152,Riverside,0.17920000000000003,413
1153,Sacramento,0.15380000000000002,78
1156,San Diego,0.669,142
1157,Alameda,0.3846,39
1158,Los Angeles,0.25,44
1159,Riverside,0.4472,123
1161,Sacramento,0.5522,67
1162,San Diego,0.4805,77
1163,Fresno,0.09759999999999999,82
1164,Glenn,0.16,25
1165,Madera,0.4468,47
1167,San Diego,0.4941,85
1168,San Francisco,0.6164999999999999,279
1169,Los Angeles,0.0968,31
1170,Los Angeles,0.3889,54
1171,Sacramento,0.8176000000000001,159
1173,Los Angeles,0.08470000000000001,59
1174,Los Angeles,0.462,329
1175,Riverside,0.6339,336
1178,Los Angeles,0.1991,698
1183,Los Angeles,0.25,196
1185,Riverside,0.6734,349
1186,San Bernardino,0.47909999999999997,407
1188,Santa Clara,0.0536,56
1189,Santa Clara,0.6563,96
1190,Los Angeles,0.8734000000000001,79
1192,Orange,0.9204000000000001,226
1193,San Diego,0.6286999999999999,307
1196,Fresno,0.4733,243
1197,Los Angeles,0.4815,27
1199,Los Angeles,0.0625,48
1202,San Bernardino,0.1494,87
1203,San Diego,0.2766,47
1205,San Joaquin,0.8140000000000001,43
1206,Tehama,0.6304,46
1207,Los Angeles,0.060599999999999994,33
1209,Sacramento,0.6522,138
1210,San Joaquin,0.2667,30
1211,Santa Clara,0.4432,88
1212,Solano,0.1884,69
1214,Sonoma,0.6512,43
1215,Santa Clara,0.3968,126
1216,Tulare,0.1642,67
1217,Tulare,0.3661,112
1219,Tulare,0.3043,115
1220,Santa Clara,0.6042000000000001,96
1221,Sonoma,0.5957,47
1222,Sonoma,0.5357,140
1223,Ventura,0.032799999999999996,61
1224,Ventura,0.2608,395
1225,San Diego,0.7123,73
1229,San Francisco,0.49689999999999995,159
1230,San Francisco,0.375,64
1231,Stanislaus,0.5545,101
1232,Santa Cruz,0.1765,34
1233,San Diego,0.7794,272
1235,Shasta,0.5294,17
1236,Yuba,0.5484,31
1240,Los Angeles,0.1941,170
1242,Los Angeles,0.47619999999999996,42
1243,Los Angeles,0.29600000000000004,125
1245,Orange,0.5132,152
1246,Riverside,0.3333,72
1248,Alameda,0.7444,180
1250,Fresno,0.3627,102
1251,Los Angeles,0.2459,61
1252,San Bernardino,0.3333,213
1254,Humboldt,0.5517,58
1255,Los Angeles,0.1586,145
1256,Los Angeles,0.3187,91
1258,San Diego,0.3824,34
1259,Fresno,0.8033,244
1262,Los Angeles,0.061900000000000004,97
1263,Los Angeles,0.8273999999999999,226
1264,Merced,0.3285,137
1265,Sacramento,0.4316,95
1267,San Diego,0.4792,96
1268,Alameda,0.3407,135
1269,Humboldt,0.6897,58
1272,Los Angeles,0.4167,24
1273,Los Angeles,0.29100000000000004,134
1274,Riverside,0.09609999999999999,385
1276,Alameda,0.7348,132
1278,Los Angeles,0.12050000000000001,83
1279,Orange,0.6814,204
1280,Orange,0.8298000000000001,235
1281,Sacramento,0.8201999999999999,228
1282,Fresno,0.1606,193
1283,Los Angeles,0.6063000000000001,221
1284,Los Angeles,0.3195,266
1285,San Bernardino,0.6667000000000001,24
1286,San Joaquin,0.4375,32
1289,Los Angeles,0.1,130
1292,Riverside,0.168,125
1295,Los Angeles,0.0545,55
1296,Los Angeles,0.2982,57
1298,San Joaquin,0.6993,153
1299,Shasta,0.4167,24
1300,Butte,0.3043,23
1301,Los Angeles,0.8478,92
1302,Los Angeles,0.10339999999999999,29
1303,Los Angeles,0.099,101
1304,Riverside,0.3077,182
1305,Sacramento,0.3125,32
1307,Santa Clara,0.8675,234
1309,Los Angeles,0.046900000000000004,64
1313,San Joaquin,0.4722,72
1314,Tulare,0.2836,134
1315,Los Angeles,0.22460000000000002,138
1316,Los Angeles,0.1955,220
1321,Solano,0.7121,132
1324,Santa Clara,0.2021,94
1325,Santa Clara,0.4623,106
1326,Butte,0.381,42
1328,Monterey,0.3644,118
1331,San Joaquin,0.4928,69
1333,Tulare,0.53,100
1335,Fresno,0.55,80
1336,Kern,0.2186,183
1337,Orange,0.7526,194
1339,Sonoma,0.3265,49
1340,Sonoma,0.3837,86
1344,Los Angeles,0.4481,395
1345,Los Angeles,0.4815,108
1346,Los Angeles,0.3184,245
1347,Los Angeles,0.1159,69
1351,Santa Clara,0.8421,133
1353,Sonoma,0.3714,105
1354,Ventura,0.6848000000000001,92
1355,Santa Cruz,0.1507,73
1356,San Joaquin,0.5169,207
1357,Santa Barbara,0.7434999999999999,191
1358,Santa Barbara,0.6339,183
1359,Yuba,0.3421,38
1360,Los Angeles,0.25,76
1361,Orange,0.7481,270
1362,Orange,0.7895,57
1366,Riverside,0.5618,89
1367,Riverside,0.5153,163
1368,Contra Costa,0.7606,142
1370,Los Angeles,0.36840000000000006,171
1371,Los Angeles,0.5185,54
1374,Riverside,0.44530000000000003,137
1375,San Diego,0.7354,189
1378,Orange,0.5526,76
1379,Placer,0.8022,182
1380,San Bernardino,0.1743,218
1381,San Diego,0.3298,191
1382,San Francisco,0.5550999999999999,263
1383,San Francisco,0.1739,23
1385,Fresno,0.5789,19
1386,Kern,0.3125,16
1387,Los Angeles,0.6570999999999999,140
1388,Los Angeles,0.193,57
1389,Sacramento,0.6396000000000001,111
1396,Los Angeles,0.1059,85
1397,Los Angeles,0.3642,151
1398,Los Angeles,0.3506,174
1399,Los Angeles,0.0882,68
1400,Los Angeles,0.5263,19
1402,Riverside,0.2378,185
1403,Alameda,0.087,46
1404,Alameda,0.3017,116
1407,Santa Barbara,0.39159999999999995,143
1408,Los Angeles,0.5246999999999999,162
1409,Mendocino,0.7059000000000001,17
1410,Orange,0.7609,343
1412,Sacramento,0.625,24
1413,Sacramento,0.49200000000000005,187
1414,Butte,0.46880000000000005,64
1415,Kern,0.35,40
1416,Riverside,0.2445,229
1417,San Joaquin,0.5565,124
1419,Los Angeles,0.23579999999999998,318
1423,San Diego,0.5385,26
1425,Los Angeles,0.3176,595
1426,Los Angeles,0.3094,223
1427,Los Angeles,0.376,242
1428,Los Angeles,0.2473,182
1433,Los Angeles,0.1845,103
1434,Los Angeles,0.3443,61
1435,Placer,0.5,18
1437,Riverside,0.20809999999999998,447
1438,Stanislaus,0.3448,29
1440,Fresno,0.1573,89
1441,Los Angeles,0.75,248
1442,Monterey,0.2373,177
1443,Sacramento,0.0159,63
1444,San Bernardino,0.4179,201
1446,Marin,0.5139,144
1448,San Francisco,0.15689999999999998,51
1449,Ventura,0.799,209
1450,San Diego,0.1401,157
1452,Sacramento,0.175,40
1454,San Joaquin,0.5046,109
1455,Siskiyou,0.5652,23
1456,Santa Clara,0.6186,194
1458,Solano,0.2672,131
1459,Solano,0.2432,74
1464,Ventura,0.5847,118
1465,San Mateo,0.625,64
1469,Ventura,0.4316,95
1470,Yolo,0.25,16
1471,Santa Barbara,0.6327,49
1472,Shasta,0.34619999999999995,52
1473,Contra Costa,0.35869999999999996,184
1476,Los Angeles,0.11900000000000001,42
1479,Amador,0.6923,26
1480,Amador,0.5556,27
1483,Riverside,0.45159999999999995,124
1484,Riverside,0.3721,86
1486,San Bernardino,0.4779,136
1487,Butte,0.7037,135
1488,Fresno,0.8815999999999999,76
1489,Kern,0.2486,173
1490,Kern,0.16670000000000001,174
1491,Kern,0.3306,245
1492,Kern,0.2901,162
1493,Los Angeles,0.15560000000000002,45
1495,San Bernardino,0.1373,102
1496,San Bernardino,0.23329999999999998,60
1497,San Bernardino,0.5683,227
1498,Los Angeles,0.4388,335
1499,Los Angeles,0.7,40
1500,Los Angeles,0.1642,67
1501,Los Angeles,0.11810000000000001,127
1502,Los Angeles,0.2973,37
1503,Orange,0.7981,104
1504,Orange,0.4324,74
1505,Sacramento,0.3448,58
1506,Butte,0.4643,28
1510,Riverside,0.386,228
1511,Los Angeles,0.1429,42
1516,San Diego,0.7212000000000001,165
1517,San Diego,0.8527,258
1518,San Joaquin,0.34159999999999996,161
1519,Kings,0.4583,48
1520,Los Angeles,0.2316,95
1521,Los Angeles,0.5339,251
1523,San Bernardino,0.5556,36
1525,San Luis Obispo,0.5075999999999999,132
1526,Santa Clara,0.8509,161
1527,Contra Costa,0.5616,73
1528,Contra Costa,0.37799999999999995,254
1529,Los Angeles,0.254,63
1531,San Francisco,0.2,50
1532,San Francisco,0.5238,105
1533,San Mateo,0.7940999999999999,170
1537,Los Angeles,0.2364,313
1538,San Joaquin,0.5586,111
1540,Los Angeles,0.21489999999999998,121
1541,Los Angeles,0.1125,80
1543,Santa Barbara,0.6744,43
1544,Stanislaus,0.47619999999999996,21
1547,San Joaquin,0.4359,39
1548,San Joaquin,0.3268,153
1549,Santa Clara,0.541,244
1551,Tulare,0.3261,92
1552,Alameda,0.3187,91
1553,Merced,0.16670000000000001,18
1554,Riverside,0.3382,68
1555,Solano,0.5029,173
1556,Tulare,0.3233,133
1562,Sonoma,0.619,147
1563,Ventura,0.4914,116
1564,Fresno,0.34509999999999996,142
1565,Kings,0.3152,92
1566,Los Angeles,0.10869999999999999,46
1567,Riverside,0.5254,59
1568,San Bernardino,0.3103,145
1570,San Bernardino,0.5506,514
1571,Alameda,0.191,89
1572,Los Angeles,0.1791,67
1574,Ventura,0.6296,27
1575,Stanislaus,0.2152,79
1579,Stanislaus,0.24539999999999998,216
1580,Sutter,0.6531,49
1581,Sutter,0.6,125
1582,Alameda,0.597,67
1583,Los Angeles,0.1081,37
1586,Stanislaus,0.1778,45
1587,Yolo,0.36460000000000004,181
1588,Alameda,0.0417,24
1590,Imperial,0.46909999999999996,194
1591,Los Angeles,0.18969999999999998,116
1592,Los Angeles,0.1746,126
1593,Los Angeles,0.1429,147
1594,Los Angeles,0.12140000000000001,173
1596,Alameda,0.5982,336
1597,Alameda,0.16670000000000001,18
1598,Imperial,0.4359,78
1599,Los Angeles,0.47759999999999997,134
1600,Los Angeles,0.09519999999999999,42
1601,Los Angeles,0.0588,85
1602,Los Angeles,0.2793,111
1603,Riverside,0.5368999999999999,339
1604,Sacramento,0.7847,209
1606,Los Angeles,0.24,250
1607,Los Angeles,0.1207,174
1608,Los Angeles,0.1955,179
1613,Humboldt,0.6818000000000001,22
1614,Los Angeles,0.3333,36
1615,Los Angeles,0.5072,207
1618,Los Angeles,0.2101,138
1621,San Francisco,0.7442,86
1622,Alameda,0.6947,190
1623,Kern,0.44439999999999996,162
1624,Los Angeles,0.22920000000000001,48
1625,Los Angeles,0.087,92
1626,Los Angeles,0.3714,280
1628,Orange,0.7804000000000001,214
1629,Orange,0.7742,124
1631,Inyo,0.5094,53
1632,Los Angeles,0.129,31
1635,Sacramento,0.6623,77
1636,Sacramento,0.2195,123
1638,San Joaquin,0.5946,74
1640,El Dorado,0.5902000000000001,61
1642,Los Angeles,0.22690000000000002,260
1643,Merced,0.3478,46
1644,Orange,0.7551000000000001,196
1645,Orange,0.5887,231
1647,Santa Clara,0.5,54
1651,San Bernardino,0.2857,77
1654,Los Angeles,0.1351,37
1655,San Bernardino,0.18600000000000003,328
1656,San Diego,0.2632,38
1659,Los Angeles,0.5315,222
1661,Riverside,0.18789999999999998,282
1662,San Diego,0.5695,151
1664,San Joaquin,0.3982,113
1666,Alameda,0.7823,271
1669,San Joaquin,0.5,22
1671,Alameda,0.7465999999999999,292
1672,Kings,0.3636,66
1673,Los Angeles,0.71,531
1674,Los Angeles,0.3591,323
1675,Los Angeles,0.1834,229
1676,Los Angeles,0.2419,62
1678,Napa,0.5203,148
1679,Napa,0.45159999999999995,155
1680,Napa,0.5957,47
1682,Orange,0.4276,283
1683,San Diego,0.4689,177
1684,Los Angeles,0.0667,30
1686,Orange,0.30760000000000004,582
1687,Orange,0.11410000000000001,368
1688,Sacramento,0.2667,15
1690,Santa Clara,0.48700000000000004,154
1691,Tulare,0.2727,22
1693,Los Angeles,0.34380000000000005,32
1694,Sacramento,0.23370000000000002,184
1696,San Diego,0.5946,148
1698,San Diego,0.5887,141
1701,Solano,0.5789,38
1703,Santa Clara,0.7479,238
1705,Sonoma,0.125,40
1708,Santa Clara,0.7433,335
1714,Sacramento,0.5214,140
1715,Sacramento,0.3514,74
1716,San Bernardino,0.4673,306
1717,San Bernardino,0.4235,170
1718,San Diego,0.4,15
1720,Sutter,0.3056,36
1721,Yuba,0.52,50
1722,Alameda,0.7524,311
1726,Los Angeles,0.043,93
1728,Los Angeles,0.2862,318
1730,Imperial,0.2824,131
1731,Los Angeles,0.08539999999999999,82
1732,Marin,0.5966,119
1733,Marin,0.7843000000000001,102
1736,Los Angeles,0.951,143
1737,Los Angeles,0.1161,448
1738,Los Angeles,0.2736,106
1741,Riverside,0.5157,382
1742,San Bernardino,0.2791,86
1744,Contra Costa,0.23,100
1747,Los Angeles,0.9875,80
1749,Los Angeles,0.6392,97
1750,Los Angeles,0.0429,70
1752,Orange,0.3093,97
1753,Butte,0.6593000000000001,135
1755,Orange,0.659,217
1757,Riverside,0.1165,472
1758,Sacramento,0.3665,221
1759,San Bernardino,0.04,25
1760,Los Angeles,0.47369999999999995,38
1762,Monterey,0.7742,62
1763,Monterey,0.39149999999999996,212
1765,San Bernardino,0.4797,296
1766,San Joaquin,0.5374,147
1767,Orange,0.3049,492
1768,Riverside,0.5385,52
1771,Los Angeles,0.10710000000000001,84
1772,Los Angeles,0.6272,169
1773,Los Angeles,0.7802,182
1774,Riverside,0.09519999999999999,42
1776,San Diego,0.622,254
1777,San Joaquin,0.2742,124
1779,San Diego,0.1724,58
1781,Los Angeles,0.14429999999999998,97
1783,Santa Clara,0.6795,156
1784,Santa Clara,0.8826999999999999,179
1786,Contra Costa,0.784,162
1787,Fresno,0.21050000000000002,57
1788,Los Angeles,0.1948,77
1789,Los Angeles,0.3925,214
1792,San Bernardino,0.2878,205
1793,San Diego,0.4167,132
1796,Glenn,0.4375,32
1797,Los Angeles,0.0313,32
1799,Placer,0.4974,193
1800,Sacramento,0.5771000000000001,175
1802,San Diego,0.6818000000000001,132
1803,Santa Cruz,0.6777,121
1810,San Diego,0.20629999999999998,160
1811,San Diego,0.33039999999999997,112
1814,Tulare,0.3,50
1815,Santa Clara,0.0417,24
1816,Santa Clara,0.1852,54
1817,Tulare,0.3333,21
1818,Orange,0.6712,219
1819,Ventura,0.5227,352
1822,San Diego,0.49479999999999996,192
1823,San Diego,0.3611,36
1826,Los Angeles,0.1574,108
1830,Placer,0.7556999999999999,176
1832,San Mateo,0.5828,151
1833,San Mateo,0.6667000000000001,150
1834,Ventura,0.7515000000000001,169
1836,Orange,0.7409,247
1837,Orange,0.3017,179
1838,Orange,0.4451,173
1841,Sacramento,0.15,20
1844,San Diego,0.31579999999999997,38
1847,Contra Costa,0.8934000000000001,122
1848,Contra Costa,0.4464,56
1851,Riverside,0.3,20
1852,San Bernardino,0.5138,399
1855,Los Angeles,0.7915000000000001,235
1856,Orange,0.7486,179
1857,Riverside,0.22699999999999998,185
1858,Kern,0.3059,85
1859,Los Angeles,0.3443,122
1861,Los Angeles,0.38020000000000004,121
1862,Monterey,0.7797,59
1866,Monterey,0.1702,141
1867,San Benito,0.4732,205
1868,San Bernardino,0.5472,53
1869,San Diego,0.125,16
1870,San Diego,0.7031000000000001,256
1871,San Diego,0.6869,428
1872,Contra Costa,0.8276,261
1873,Los Angeles,0.3446,148
1875,Los Angeles,0.1709,117
1876,Mariposa,0.7222,36
1880,San Diego,0.3103,58
1884,Los Angeles,0.2778,18
1889,Orange,0.3538,195
1890,Orange,0.5058,172
1895,Los Angeles,0.20550000000000002,73
1896,Los Angeles,0.2336,107
1898,Sacramento,0.5,56
1899,San Diego,0.6098,82
1900,San Diego,0.3333,60
1901,San Diego,0.4,100
1902,Fresno,0.059699999999999996,67
1903,Monterey,0.2571,70
1904,Orange,0.1333,45
1906,Sacramento,0.128,328
1907,San Diego,0.7368000000000001,190
1909,San Luis Obispo,0.6591,44
1913,Orange,0.4242,66
1918,Santa Clara,0.625,112
1921,Los Angeles,0.1685,89
1922,Los Angeles,0.589,146
1923,Los Angeles,0.0333,60
1924,Los Angeles,0.41969999999999996,274
1925,Los Angeles,0.6043999999999999,273
1926,San Diego,0.7483,151
1928,Los Angeles,0.3077,104
1929,Madera,0.2,20
1930,Placer,0.8340000000000001,247
1931,Placer,0.7643000000000001,157
1932,Placer,0.5606,66
1933,Sacramento,0.2339,124
1935,Kern,0.2785,79
1936,Los Angeles,0.1884,69
1937,Los Angeles,0.0645,31
1938,Santa Clara,0.3448,87
1940,Orange,0.3468,124
1942,Placer,0.5196999999999999,127
1943,Placer,0.6667000000000001,45
1944,San Diego,0.3889,18
1945,San Mateo,0.8162,234
1948,San Diego,0.15380000000000002,65
1950,Santa Clara,0.7254999999999999,51
1954,Santa Clara,0.05,20
1964,Tuolumne,0.775,40
1966,San Diego,0.3208,106
1967,San Diego,0.34590000000000004,159
1973,Shasta,0.6111,54
1974,Alameda,0.21050000000000002,19
1975,Los Angeles,0.0625,16
1976,Mendocino,0.3333,18
1979,Riverside,0.5396,543
1980,Stanislaus,0.575,40
